dataset,population,partition,group,class,samples
dvs,test,official,24,0,3
dvs,test,official,24,1,3
dvs,test,official,24,2,3
dvs,test,official,24,3,3
dvs,test,official,24,4,3
dvs,test,official,24,5,3
dvs,test,official,24,6,3
dvs,test,official,24,7,3
dvs,test,official,24,8,3
dvs,test,official,24,9,3
dvs,test,official,24,10,3
dvs,test,official,25,0,2
dvs,test,official,25,1,2
dvs,test,official,25,2,2
dvs,test,official,25,3,2
dvs,test,official,25,4,2
dvs,test,official,25,5,2
dvs,test,official,25,6,2
dvs,test,official,25,7,2
dvs,test,official,25,8,2
dvs,test,official,25,9,2
dvs,test,official,25,10,2
dvs,test,official,26,0,5
dvs,test,official,26,1,5
dvs,test,official,26,2,5
dvs,test,official,26,3,5
dvs,test,official,26,4,5
dvs,test,official,26,5,5
dvs,test,official,26,6,5
dvs,test,official,26,7,5
dvs,test,official,26,8,5
dvs,test,official,26,9,5
dvs,test,official,26,10,5
dvs,test,official,27,0,4
dvs,test,official,27,1,4
dvs,test,official,27,2,4
dvs,test,official,27,3,4
dvs,test,official,27,4,4
dvs,test,official,27,5,4
dvs,test,official,27,6,4
dvs,test,official,27,7,4
dvs,test,official,27,8,4
dvs,test,official,27,9,4
dvs,test,official,27,10,4
dvs,test,official,28,0,5
dvs,test,official,28,1,5
dvs,test,official,28,2,5
dvs,test,official,28,3,5
dvs,test,official,28,4,5
dvs,test,official,28,5,5
dvs,test,official,28,6,5
dvs,test,official,28,7,5
dvs,test,official,28,8,5
dvs,test,official,28,9,5
dvs,test,official,28,10,5
dvs,test,official,29,0,5
dvs,test,official,29,1,5
dvs,test,official,29,2,5
dvs,test,official,29,3,5
dvs,test,official,29,4,5
dvs,test,official,29,5,5
dvs,test,official,29,6,5
dvs,test,official,29,7,5
dvs,test,official,29,8,5
dvs,test,official,29,9,5
dvs,test,official,29,10,5
dvs,train,confirmation,1,0,5
dvs,train,confirmation,1,1,5
dvs,train,confirmation,1,2,5
dvs,train,confirmation,1,3,5
dvs,train,confirmation,1,4,5
dvs,train,confirmation,1,5,5
dvs,train,confirmation,1,6,5
dvs,train,confirmation,1,7,5
dvs,train,confirmation,1,8,5
dvs,train,confirmation,1,9,5
dvs,train,confirmation,1,10,5
dvs,train,confirmation,2,0,4
dvs,train,confirmation,2,1,5
dvs,train,confirmation,2,2,5
dvs,train,confirmation,2,3,5
dvs,train,confirmation,2,4,5
dvs,train,confirmation,2,5,5
dvs,train,confirmation,2,6,5
dvs,train,confirmation,2,7,5
dvs,train,confirmation,2,8,5
dvs,train,confirmation,2,9,5
dvs,train,confirmation,2,10,5
dvs,train,confirmation,3,0,4
dvs,train,confirmation,3,1,4
dvs,train,confirmation,3,2,4
dvs,train,confirmation,3,3,4
dvs,train,confirmation,3,4,4
dvs,train,confirmation,3,5,4
dvs,train,confirmation,3,6,4
dvs,train,confirmation,3,7,4
dvs,train,confirmation,3,8,4
dvs,train,confirmation,3,9,4
dvs,train,confirmation,3,10,4
dvs,train,confirmation,4,0,4
dvs,train,confirmation,4,1,4
dvs,train,confirmation,4,2,4
dvs,train,confirmation,4,3,4
dvs,train,confirmation,4,4,4
dvs,train,confirmation,4,5,4
dvs,train,confirmation,4,6,4
dvs,train,confirmation,4,7,4
dvs,train,confirmation,4,8,4
dvs,train,confirmation,4,9,4
dvs,train,confirmation,4,10,4
dvs,train,development,5,0,5
dvs,train,development,5,1,5
dvs,train,development,5,2,5
dvs,train,development,5,3,5
dvs,train,development,5,4,5
dvs,train,development,5,5,5
dvs,train,development,5,6,5
dvs,train,development,5,7,5
dvs,train,development,5,8,5
dvs,train,development,5,9,5
dvs,train,development,5,10,5
dvs,train,development,6,0,5
dvs,train,development,6,1,5
dvs,train,development,6,2,5
dvs,train,development,6,3,5
dvs,train,development,6,4,5
dvs,train,development,6,5,5
dvs,train,development,6,6,5
dvs,train,development,6,7,5
dvs,train,development,6,8,5
dvs,train,development,6,9,5
dvs,train,development,6,10,5
dvs,train,development,7,0,4
dvs,train,development,7,1,4
dvs,train,development,7,2,4
dvs,train,development,7,3,4
dvs,train,development,7,4,4
dvs,train,development,7,5,4
dvs,train,development,7,6,4
dvs,train,development,7,7,4
dvs,train,development,7,8,4
dvs,train,development,7,9,4
dvs,train,development,7,10,4
dvs,train,development,8,0,4
dvs,train,development,8,1,4
dvs,train,development,8,2,4
dvs,train,development,8,3,4
dvs,train,development,8,4,4
dvs,train,development,8,5,4
dvs,train,development,8,6,4
dvs,train,development,8,7,4
dvs,train,development,8,8,4
dvs,train,development,8,9,4
dvs,train,development,8,10,4
dvs,train,development,9,0,5
dvs,train,development,9,1,5
dvs,train,development,9,2,5
dvs,train,development,9,3,5
dvs,train,development,9,4,5
dvs,train,development,9,5,5
dvs,train,development,9,6,5
dvs,train,development,9,7,5
dvs,train,development,9,8,5
dvs,train,development,9,9,5
dvs,train,development,9,10,5
dvs,train,development,10,0,4
dvs,train,development,10,1,4
dvs,train,development,10,2,4
dvs,train,development,10,3,4
dvs,train,development,10,4,4
dvs,train,development,10,5,4
dvs,train,development,10,6,4
dvs,train,development,10,7,4
dvs,train,development,10,8,4
dvs,train,development,10,9,4
dvs,train,development,10,10,4
dvs,train,development,11,0,3
dvs,train,development,11,1,3
dvs,train,development,11,2,3
dvs,train,development,11,3,3
dvs,train,development,11,4,3
dvs,train,development,11,5,3
dvs,train,development,11,6,3
dvs,train,development,11,7,3
dvs,train,development,11,8,3
dvs,train,development,11,9,3
dvs,train,development,11,10,3
dvs,train,development,12,0,2
dvs,train,development,12,1,2
dvs,train,development,12,2,2
dvs,train,development,12,3,2
dvs,train,development,12,4,2
dvs,train,development,12,5,2
dvs,train,development,12,6,2
dvs,train,development,12,7,2
dvs,train,development,12,8,2
dvs,train,development,12,9,2
dvs,train,development,12,10,2
dvs,train,development,13,0,5
dvs,train,development,13,1,5
dvs,train,development,13,2,5
dvs,train,development,13,3,5
dvs,train,development,13,4,5
dvs,train,development,13,5,5
dvs,train,development,13,6,5
dvs,train,development,13,7,5
dvs,train,development,13,8,5
dvs,train,development,13,9,5
dvs,train,development,13,10,5
dvs,train,development,14,0,4
dvs,train,development,14,1,4
dvs,train,development,14,2,4
dvs,train,development,14,3,4
dvs,train,development,14,4,4
dvs,train,development,14,5,4
dvs,train,development,14,6,4
dvs,train,development,14,7,4
dvs,train,development,14,8,4
dvs,train,development,14,9,4
dvs,train,development,14,10,4
dvs,train,development,15,0,5
dvs,train,development,15,1,5
dvs,train,development,15,2,5
dvs,train,development,15,3,5
dvs,train,development,15,4,5
dvs,train,development,15,5,5
dvs,train,development,15,6,5
dvs,train,development,15,7,5
dvs,train,development,15,8,5
dvs,train,development,15,9,5
dvs,train,development,15,10,5
dvs,train,development,16,0,4
dvs,train,development,16,1,4
dvs,train,development,16,2,4
dvs,train,development,16,3,4
dvs,train,development,16,4,4
dvs,train,development,16,5,4
dvs,train,development,16,6,4
dvs,train,development,16,7,4
dvs,train,development,16,8,4
dvs,train,development,16,9,4
dvs,train,development,16,10,4
dvs,train,development,17,0,5
dvs,train,development,17,1,5
dvs,train,development,17,2,5
dvs,train,development,17,3,5
dvs,train,development,17,4,5
dvs,train,development,17,5,5
dvs,train,development,17,6,5
dvs,train,development,17,7,5
dvs,train,development,17,8,5
dvs,train,development,17,9,5
dvs,train,development,17,10,5
dvs,train,development,18,0,4
dvs,train,development,18,1,4
dvs,train,development,18,2,4
dvs,train,development,18,3,4
dvs,train,development,18,4,4
dvs,train,development,18,5,4
dvs,train,development,18,6,4
dvs,train,development,18,7,4
dvs,train,development,18,8,4
dvs,train,development,18,9,4
dvs,train,development,18,10,4
dvs,train,development,19,0,5
dvs,train,development,19,1,5
dvs,train,development,19,2,5
dvs,train,development,19,3,5
dvs,train,development,19,4,5
dvs,train,development,19,5,5
dvs,train,development,19,6,5
dvs,train,development,19,7,5
dvs,train,development,19,8,5
dvs,train,development,19,9,5
dvs,train,development,19,10,5
dvs,train,development,20,0,3
dvs,train,development,20,1,3
dvs,train,development,20,2,3
dvs,train,development,20,3,3
dvs,train,development,20,4,3
dvs,train,development,20,5,3
dvs,train,development,20,6,3
dvs,train,development,20,7,3
dvs,train,development,20,8,3
dvs,train,development,20,9,3
dvs,train,development,20,10,3
dvs,train,development,21,0,4
dvs,train,development,21,1,4
dvs,train,development,21,2,4
dvs,train,development,21,3,4
dvs,train,development,21,4,4
dvs,train,development,21,5,4
dvs,train,development,21,6,4
dvs,train,development,21,7,4
dvs,train,development,21,8,4
dvs,train,development,21,9,4
dvs,train,development,21,10,4
dvs,train,development,22,0,5
dvs,train,development,22,1,5
dvs,train,development,22,2,5
dvs,train,development,22,3,5
dvs,train,development,22,4,5
dvs,train,development,22,5,5
dvs,train,development,22,6,5
dvs,train,development,22,7,5
dvs,train,development,22,8,5
dvs,train,development,22,9,5
dvs,train,development,22,10,5
dvs,train,development,23,0,4
dvs,train,development,23,1,4
dvs,train,development,23,2,4
dvs,train,development,23,3,4
dvs,train,development,23,4,4
dvs,train,development,23,5,4
dvs,train,development,23,6,4
dvs,train,development,23,7,4
dvs,train,development,23,8,4
dvs,train,development,23,9,4
dvs,train,development,23,10,4
shd,test,official,0,0,1
shd,test,official,0,1,2
shd,test,official,0,2,1
shd,test,official,0,3,2
shd,test,official,0,4,3
shd,test,official,0,5,3
shd,test,official,0,7,5
shd,test,official,0,8,4
shd,test,official,0,9,3
shd,test,official,0,10,1
shd,test,official,0,11,4
shd,test,official,0,12,1
shd,test,official,0,13,2
shd,test,official,0,14,2
shd,test,official,0,15,2
shd,test,official,0,16,2
shd,test,official,0,17,4
shd,test,official,0,18,4
shd,test,official,0,19,1
shd,test,official,1,0,2
shd,test,official,1,1,1
shd,test,official,1,2,4
shd,test,official,1,3,1
shd,test,official,1,4,1
shd,test,official,1,5,1
shd,test,official,1,6,4
shd,test,official,1,7,4
shd,test,official,1,8,4
shd,test,official,1,10,1
shd,test,official,1,11,3
shd,test,official,1,12,3
shd,test,official,1,13,2
shd,test,official,1,14,2
shd,test,official,1,15,3
shd,test,official,1,16,6
shd,test,official,1,17,1
shd,test,official,1,18,3
shd,test,official,1,19,1
shd,test,official,2,0,1
shd,test,official,2,1,2
shd,test,official,2,2,3
shd,test,official,2,3,2
shd,test,official,2,4,2
shd,test,official,2,5,3
shd,test,official,2,6,5
shd,test,official,2,7,3
shd,test,official,2,8,1
shd,test,official,2,9,4
shd,test,official,2,10,3
shd,test,official,2,11,3
shd,test,official,2,12,5
shd,test,official,2,13,2
shd,test,official,2,14,3
shd,test,official,2,15,1
shd,test,official,2,16,4
shd,test,official,2,17,4
shd,test,official,2,18,1
shd,test,official,3,0,1
shd,test,official,3,1,1
shd,test,official,3,4,4
shd,test,official,3,5,1
shd,test,official,3,6,2
shd,test,official,3,7,3
shd,test,official,3,9,3
shd,test,official,3,10,6
shd,test,official,3,11,2
shd,test,official,3,12,3
shd,test,official,3,13,2
shd,test,official,3,14,1
shd,test,official,3,15,3
shd,test,official,3,16,2
shd,test,official,3,17,1
shd,test,official,3,18,2
shd,test,official,3,19,1
shd,test,official,4,0,42
shd,test,official,4,1,42
shd,test,official,4,2,42
shd,test,official,4,3,42
shd,test,official,4,4,42
shd,test,official,4,5,42
shd,test,official,4,6,42
shd,test,official,4,7,42
shd,test,official,4,8,42
shd,test,official,4,9,42
shd,test,official,4,10,48
shd,test,official,4,11,48
shd,test,official,4,12,48
shd,test,official,4,13,48
shd,test,official,4,14,48
shd,test,official,4,15,48
shd,test,official,4,16,48
shd,test,official,4,17,48
shd,test,official,4,18,48
shd,test,official,4,19,48
shd,test,official,5,0,45
shd,test,official,5,1,45
shd,test,official,5,2,45
shd,test,official,5,3,45
shd,test,official,5,4,45
shd,test,official,5,5,45
shd,test,official,5,6,45
shd,test,official,5,7,45
shd,test,official,5,8,45
shd,test,official,5,9,45
shd,test,official,5,10,49
shd,test,official,5,11,49
shd,test,official,5,12,49
shd,test,official,5,13,49
shd,test,official,5,14,49
shd,test,official,5,15,49
shd,test,official,5,16,49
shd,test,official,5,17,49
shd,test,official,5,18,49
shd,test,official,5,19,49
shd,test,official,6,1,3
shd,test,official,6,2,2
shd,test,official,6,4,3
shd,test,official,6,5,1
shd,test,official,6,6,1
shd,test,official,6,7,1
shd,test,official,6,8,3
shd,test,official,6,11,1
shd,test,official,6,13,2
shd,test,official,6,14,1
shd,test,official,6,16,2
shd,test,official,6,18,2
shd,test,official,6,19,1
shd,test,official,7,0,2
shd,test,official,7,1,2
shd,test,official,7,2,1
shd,test,official,7,3,1
shd,test,official,7,4,4
shd,test,official,7,5,2
shd,test,official,7,6,1
shd,test,official,7,7,3
shd,test,official,7,8,4
shd,test,official,7,9,2
shd,test,official,7,10,1
shd,test,official,7,11,2
shd,test,official,7,13,2
shd,test,official,7,14,1
shd,test,official,7,16,3
shd,test,official,7,17,2
shd,test,official,7,18,3
shd,test,official,7,19,4
shd,test,official,8,0,3
shd,test,official,8,1,4
shd,test,official,8,3,2
shd,test,official,8,4,1
shd,test,official,8,5,7
shd,test,official,8,6,1
shd,test,official,8,8,2
shd,test,official,8,10,3
shd,test,official,8,11,2
shd,test,official,8,12,1
shd,test,official,8,13,3
shd,test,official,8,14,3
shd,test,official,8,15,2
shd,test,official,8,17,2
shd,test,official,8,18,3
shd,test,official,8,19,2
shd,test,official,9,0,2
shd,test,official,9,1,1
shd,test,official,9,2,4
shd,test,official,9,3,1
shd,test,official,9,4,7
shd,test,official,9,5,1
shd,test,official,9,6,1
shd,test,official,9,7,1
shd,test,official,9,8,3
shd,test,official,9,9,3
shd,test,official,9,10,2
shd,test,official,9,11,2
shd,test,official,9,12,1
shd,test,official,9,13,4
shd,test,official,9,14,2
shd,test,official,9,15,1
shd,test,official,9,17,3
shd,test,official,9,18,3
shd,test,official,9,19,1
shd,test,official,10,0,1
shd,test,official,10,1,4
shd,test,official,10,2,3
shd,test,official,10,3,3
shd,test,official,10,4,3
shd,test,official,10,5,2
shd,test,official,10,6,2
shd,test,official,10,7,2
shd,test,official,10,8,1
shd,test,official,10,9,1
shd,test,official,10,10,7
shd,test,official,10,11,1
shd,test,official,10,12,2
shd,test,official,10,14,1
shd,test,official,10,15,1
shd,test,official,10,16,1
shd,test,official,10,17,2
shd,test,official,10,18,3
shd,test,official,10,19,1
shd,test,official,11,0,3
shd,test,official,11,1,1
shd,test,official,11,3,3
shd,test,official,11,4,1
shd,test,official,11,5,2
shd,test,official,11,6,5
shd,test,official,11,8,5
shd,test,official,11,10,1
shd,test,official,11,11,4
shd,test,official,11,12,8
shd,test,official,11,13,4
shd,test,official,11,14,2
shd,test,official,11,15,2
shd,test,official,11,16,1
shd,test,official,11,17,5
shd,test,official,11,18,2
shd,test,official,11,19,3
shd,train,confirmation,0,0,48
shd,train,confirmation,0,1,47
shd,train,confirmation,0,2,48
shd,train,confirmation,0,3,47
shd,train,confirmation,0,4,46
shd,train,confirmation,0,5,46
shd,train,confirmation,0,6,49
shd,train,confirmation,0,7,44
shd,train,confirmation,0,8,45
shd,train,confirmation,0,9,46
shd,train,confirmation,0,10,46
shd,train,confirmation,0,11,43
shd,train,confirmation,0,12,46
shd,train,confirmation,0,13,45
shd,train,confirmation,0,14,45
shd,train,confirmation,0,15,45
shd,train,confirmation,0,16,45
shd,train,confirmation,0,17,43
shd,train,confirmation,0,18,43
shd,train,confirmation,0,19,46
shd,train,confirmation,1,0,42
shd,train,confirmation,1,1,43
shd,train,confirmation,1,2,40
shd,train,confirmation,1,3,43
shd,train,confirmation,1,4,43
shd,train,confirmation,1,5,43
shd,train,confirmation,1,6,40
shd,train,confirmation,1,7,40
shd,train,confirmation,1,8,40
shd,train,confirmation,1,9,44
shd,train,confirmation,1,10,50
shd,train,confirmation,1,11,48
shd,train,confirmation,1,12,48
shd,train,confirmation,1,13,49
shd,train,confirmation,1,14,49
shd,train,confirmation,1,15,48
shd,train,confirmation,1,16,45
shd,train,confirmation,1,17,50
shd,train,confirmation,1,18,48
shd,train,confirmation,1,19,50
shd,train,development,2,0,52
shd,train,development,2,1,51
shd,train,development,2,2,50
shd,train,development,2,3,51
shd,train,development,2,4,51
shd,train,development,2,5,50
shd,train,development,2,6,48
shd,train,development,2,7,50
shd,train,development,2,8,52
shd,train,development,2,9,49
shd,train,development,2,10,49
shd,train,development,2,11,49
shd,train,development,2,12,47
shd,train,development,2,13,50
shd,train,development,2,14,49
shd,train,development,2,15,51
shd,train,development,2,16,48
shd,train,development,2,17,48
shd,train,development,2,18,51
shd,train,development,2,19,52
shd,train,development,3,0,29
shd,train,development,3,1,29
shd,train,development,3,2,30
shd,train,development,3,3,30
shd,train,development,3,4,26
shd,train,development,3,5,29
shd,train,development,3,6,28
shd,train,development,3,7,27
shd,train,development,3,8,30
shd,train,development,3,9,27
shd,train,development,3,10,40
shd,train,development,3,11,44
shd,train,development,3,12,43
shd,train,development,3,13,44
shd,train,development,3,14,45
shd,train,development,3,15,43
shd,train,development,3,16,44
shd,train,development,3,17,45
shd,train,development,3,18,44
shd,train,development,3,19,45
shd,train,development,6,0,28
shd,train,development,6,1,25
shd,train,development,6,2,26
shd,train,development,6,3,28
shd,train,development,6,4,25
shd,train,development,6,5,27
shd,train,development,6,6,27
shd,train,development,6,7,27
shd,train,development,6,8,25
shd,train,development,6,9,28
shd,train,development,6,10,19
shd,train,development,6,11,18
shd,train,development,6,12,19
shd,train,development,6,13,17
shd,train,development,6,14,18
shd,train,development,6,15,19
shd,train,development,6,16,17
shd,train,development,6,17,19
shd,train,development,6,18,17
shd,train,development,6,19,18
shd,train,development,7,0,43
shd,train,development,7,1,43
shd,train,development,7,2,44
shd,train,development,7,3,44
shd,train,development,7,4,41
shd,train,development,7,5,43
shd,train,development,7,6,44
shd,train,development,7,7,42
shd,train,development,7,8,41
shd,train,development,7,9,43
shd,train,development,7,10,35
shd,train,development,7,11,34
shd,train,development,7,12,36
shd,train,development,7,13,34
shd,train,development,7,14,35
shd,train,development,7,15,36
shd,train,development,7,16,33
shd,train,development,7,17,34
shd,train,development,7,18,33
shd,train,development,7,19,32
shd,train,development,8,0,38
shd,train,development,8,1,37
shd,train,development,8,2,41
shd,train,development,8,3,39
shd,train,development,8,4,40
shd,train,development,8,5,34
shd,train,development,8,6,40
shd,train,development,8,7,41
shd,train,development,8,8,39
shd,train,development,8,9,41
shd,train,development,8,10,39
shd,train,development,8,11,40
shd,train,development,8,12,41
shd,train,development,8,13,39
shd,train,development,8,14,39
shd,train,development,8,15,40
shd,train,development,8,16,42
shd,train,development,8,17,40
shd,train,development,8,18,39
shd,train,development,8,19,40
shd,train,development,9,0,46
shd,train,development,9,1,47
shd,train,development,9,2,44
shd,train,development,9,3,47
shd,train,development,9,4,41
shd,train,development,9,5,47
shd,train,development,9,6,47
shd,train,development,9,7,47
shd,train,development,9,8,45
shd,train,development,9,9,45
shd,train,development,9,10,37
shd,train,development,9,11,37
shd,train,development,9,12,38
shd,train,development,9,13,35
shd,train,development,9,14,37
shd,train,development,9,15,38
shd,train,development,9,16,39
shd,train,development,9,17,36
shd,train,development,9,18,36
shd,train,development,9,19,38
shd,train,development,10,0,43
shd,train,development,10,1,40
shd,train,development,10,2,41
shd,train,development,10,3,41
shd,train,development,10,4,41
shd,train,development,10,5,42
shd,train,development,10,6,42
shd,train,development,10,7,42
shd,train,development,10,8,43
shd,train,development,10,9,43
shd,train,development,10,10,32
shd,train,development,10,11,38
shd,train,development,10,12,37
shd,train,development,10,13,39
shd,train,development,10,14,38
shd,train,development,10,15,38
shd,train,development,10,16,38
shd,train,development,10,17,37
shd,train,development,10,18,36
shd,train,development,10,19,38
shd,train,development,11,0,37
shd,train,development,11,1,39
shd,train,development,11,2,40
shd,train,development,11,3,37
shd,train,development,11,4,39
shd,train,development,11,5,38
shd,train,development,11,6,35
shd,train,development,11,7,40
shd,train,development,11,8,35
shd,train,development,11,9,40
shd,train,development,11,10,64
shd,train,development,11,11,61
shd,train,development,11,12,57
shd,train,development,11,13,61
shd,train,development,11,14,63
shd,train,development,11,15,63
shd,train,development,11,16,64
shd,train,development,11,17,60
shd,train,development,11,18,63
shd,train,development,11,19,62
