dataset,phase,role,status,observed_cells,expected_cells,seed
shd,development,comparison:fixed12:q4-i2-crc,completed,12,12,
shd,development,comparison:fixed12:q4-i2-qrc,completed,12,12,
shd,development,comparison:fixed12:q6-i2-crc,completed,12,12,
shd,development,comparison:fixed12:q6-i2-qrc,completed,12,12,
shd,development,comparison:fixed12:q6-i4-crc,completed,12,12,
shd,development,comparison:fixed12:q6-i4-qrc,completed,12,12,
shd,development,comparison:fixed12:q8-i2-crc,completed,12,12,
shd,development,comparison:fixed12:q8-i2-qrc,completed,12,12,
shd,development,comparison:fixed12:q8-i4-crc,completed,12,12,
shd,development,comparison:fixed12:q8-i4-qrc,completed,12,12,
shd,development,comparison:fixed12:q8-i6-crc,completed,12,12,
shd,development,comparison:fixed12:q8-i6-qrc,completed,12,12,
shd,development,comparison:fixed:q4-i2-crc,completed,12,12,
shd,development,comparison:fixed:q4-i2-qrc,completed,12,12,
shd,development,comparison:fixed:q6-i2-crc,completed,12,12,
shd,development,comparison:fixed:q6-i2-qrc,completed,12,12,
shd,development,comparison:fixed:q6-i4-crc,completed,12,12,
shd,development,comparison:fixed:q6-i4-qrc,completed,12,12,
shd,development,comparison:fixed:q8-i2-crc,completed,12,12,
shd,development,comparison:fixed:q8-i2-qrc,completed,12,12,
shd,development,comparison:fixed:q8-i4-crc,completed,12,12,
shd,development,comparison:fixed:q8-i4-qrc,completed,12,12,
shd,development,comparison:fixed:q8-i6-crc,completed,12,12,
shd,development,comparison:fixed:q8-i6-qrc,completed,12,12,
shd,development,comparison:projection:i2,completed,12,12,
shd,development,comparison:projection:i4,completed,12,12,
shd,development,comparison:projection:i6,completed,12,12,
shd,development,comparison:tuned:q4-i2-crc,completed,12,12,
shd,development,comparison:tuned:q4-i2-qrc,completed,12,12,
shd,development,comparison:tuned:q6-i2-crc,completed,12,12,
shd,development,comparison:tuned:q6-i2-qrc,completed,12,12,
shd,development,comparison:tuned:q6-i4-crc,completed,12,12,
shd,development,comparison:tuned:q6-i4-qrc,completed,12,12,
shd,development,comparison:tuned:q8-i2-crc,completed,12,12,
shd,development,comparison:tuned:q8-i2-qrc,completed,12,12,
shd,development,comparison:tuned:q8-i4-crc,completed,12,12,
shd,development,comparison:tuned:q8-i4-qrc,completed,12,12,
shd,development,comparison:tuned:q8-i6-crc,completed,12,12,
shd,development,comparison:tuned:q8-i6-qrc,completed,12,12,
shd,mapping-screen,mapping:screen:i2:legacy,completed,4,4,
shd,mapping-screen,mapping:screen:i2:orthogonal,completed,4,4,
shd,mapping-screen,mapping:screen:i2:pca,completed,4,4,
shd,mapping-screen,mapping:screen:i2:pooling,completed,4,4,
shd,mapping-screen,mapping:screen:i4:legacy,completed,4,4,
shd,mapping-screen,mapping:screen:i4:orthogonal,completed,4,4,
shd,mapping-screen,mapping:screen:i4:pca,completed,4,4,
shd,mapping-screen,mapping:screen:i4:pooling,completed,4,4,
shd,development,observations:crc2:all,completed,12,12,
shd,development,observations:crc2:products,completed,12,12,
shd,development,observations:crc2:width24,completed,12,12,
shd,development,observations:crc4:all,completed,12,12,
shd,development,observations:crc4:products,completed,12,12,
shd,development,observations:crc4:width24,completed,12,12,
shd,development,observations:projection:i2,completed,12,12,
shd,development,observations:projection:i4,completed,12,12,
shd,development,observations:qrc2:all,completed,12,12,
shd,development,observations:qrc2:products,completed,12,12,
shd,development,observations:qrc2:zz,completed,12,12,
shd,development,observations:qrc4:all,completed,12,12,
shd,development,observations:qrc4:products,completed,12,12,
shd,development,observations:qrc4:zz,completed,12,12,
shd,development,practical:large-crc,completed,12,12,
shd,development,practical:lstm,completed,12,12,
shd,development,practical:transformer,completed,12,12,
shd,development,recurrence:crc:all,completed,12,12,
shd,development,recurrence:crc:partial,completed,12,12,
shd,development,recurrence:qrc:all,completed,12,12,
shd,development,recurrence:qrc:partial,completed,12,12,
shd,mapping-development,mapping-paired:i2:legacy:crc,completed,12,12,
shd,mapping-development,mapping-paired:i2:legacy:projection,completed,12,12,
shd,mapping-development,mapping-paired:i2:legacy:qrc,completed,12,12,
shd,mapping-development,mapping-paired:i2:pooling:crc,completed,12,12,
shd,mapping-development,mapping-paired:i2:pooling:projection,completed,12,12,
shd,mapping-development,mapping-paired:i2:pooling:qrc,completed,12,12,
shd,mapping-development,mapping-paired:i4:legacy:crc,completed,12,12,
shd,mapping-development,mapping-paired:i4:legacy:projection,completed,12,12,
shd,mapping-development,mapping-paired:i4:legacy:qrc,completed,12,12,
shd,mapping-development,mapping-paired:i4:pooling:crc,completed,12,12,
shd,mapping-development,mapping-paired:i4:pooling:projection,completed,12,12,
shd,mapping-development,mapping-paired:i4:pooling:qrc,completed,12,12,
shd,mapping-robustness,mapping-robustness:i2:legacy:crc:p42,completed,4,4,
shd,mapping-robustness,mapping-robustness:i2:legacy:crc:p44,completed,4,4,
shd,mapping-robustness,mapping-robustness:i2:legacy:crc:p46,completed,4,4,
shd,mapping-robustness,mapping-robustness:i2:legacy:projection:p42,completed,4,4,
shd,mapping-robustness,mapping-robustness:i2:legacy:projection:p44,completed,4,4,
shd,mapping-robustness,mapping-robustness:i2:legacy:projection:p46,completed,4,4,
shd,mapping-robustness,mapping-robustness:i2:legacy:qrc:p42,completed,4,4,
shd,mapping-robustness,mapping-robustness:i2:legacy:qrc:p44,completed,4,4,
shd,mapping-robustness,mapping-robustness:i2:legacy:qrc:p46,completed,4,4,
shd,mapping-robustness,mapping-robustness:i4:legacy:crc:p42,completed,4,4,
shd,mapping-robustness,mapping-robustness:i4:legacy:crc:p44,completed,4,4,
shd,mapping-robustness,mapping-robustness:i4:legacy:crc:p46,completed,4,4,
shd,mapping-robustness,mapping-robustness:i4:legacy:projection:p42,completed,4,4,
shd,mapping-robustness,mapping-robustness:i4:legacy:projection:p44,completed,4,4,
shd,mapping-robustness,mapping-robustness:i4:legacy:projection:p46,completed,4,4,
shd,mapping-robustness,mapping-robustness:i4:legacy:qrc:p42,completed,4,4,
shd,mapping-robustness,mapping-robustness:i4:legacy:qrc:p44,completed,4,4,
shd,mapping-robustness,mapping-robustness:i4:legacy:qrc:p46,completed,4,4,
shd,learning-development,learning-curves,completed,324,324,
dvs,development,comparison:fixed12:q4-i2-crc,completed,12,12,
dvs,development,comparison:fixed12:q4-i2-qrc,completed,12,12,
dvs,development,comparison:fixed12:q6-i2-crc,completed,12,12,
dvs,development,comparison:fixed12:q6-i2-qrc,completed,12,12,
dvs,development,comparison:fixed12:q6-i4-crc,completed,12,12,
dvs,development,comparison:fixed12:q6-i4-qrc,completed,12,12,
dvs,development,comparison:fixed12:q8-i2-crc,completed,12,12,
dvs,development,comparison:fixed12:q8-i2-qrc,completed,12,12,
dvs,development,comparison:fixed12:q8-i4-crc,completed,12,12,
dvs,development,comparison:fixed12:q8-i4-qrc,completed,12,12,
dvs,development,comparison:fixed12:q8-i6-crc,completed,12,12,
dvs,development,comparison:fixed12:q8-i6-qrc,completed,12,12,
dvs,development,comparison:fixed:q4-i2-crc,completed,12,12,
dvs,development,comparison:fixed:q4-i2-qrc,completed,12,12,
dvs,development,comparison:fixed:q6-i2-crc,completed,12,12,
dvs,development,comparison:fixed:q6-i2-qrc,completed,12,12,
dvs,development,comparison:fixed:q6-i4-crc,completed,12,12,
dvs,development,comparison:fixed:q6-i4-qrc,completed,12,12,
dvs,development,comparison:fixed:q8-i2-crc,completed,12,12,
dvs,development,comparison:fixed:q8-i2-qrc,completed,12,12,
dvs,development,comparison:fixed:q8-i4-crc,completed,12,12,
dvs,development,comparison:fixed:q8-i4-qrc,completed,12,12,
dvs,development,comparison:fixed:q8-i6-crc,completed,12,12,
dvs,development,comparison:fixed:q8-i6-qrc,completed,12,12,
dvs,development,comparison:projection:i2,completed,12,12,
dvs,development,comparison:projection:i4,completed,12,12,
dvs,development,comparison:projection:i6,completed,12,12,
dvs,development,comparison:tuned:q4-i2-crc,completed,12,12,
dvs,development,comparison:tuned:q4-i2-qrc,completed,12,12,
dvs,development,comparison:tuned:q6-i2-crc,completed,12,12,
dvs,development,comparison:tuned:q6-i2-qrc,completed,12,12,
dvs,development,comparison:tuned:q6-i4-crc,completed,12,12,
dvs,development,comparison:tuned:q6-i4-qrc,completed,12,12,
dvs,development,comparison:tuned:q8-i2-crc,completed,12,12,
dvs,development,comparison:tuned:q8-i2-qrc,completed,12,12,
dvs,development,comparison:tuned:q8-i4-crc,completed,12,12,
dvs,development,comparison:tuned:q8-i4-qrc,completed,12,12,
dvs,development,comparison:tuned:q8-i6-crc,completed,12,12,
dvs,development,comparison:tuned:q8-i6-qrc,completed,12,12,
dvs,mapping-screen,mapping:screen:i2:legacy,completed,4,4,
dvs,mapping-screen,mapping:screen:i2:orthogonal,completed,4,4,
dvs,mapping-screen,mapping:screen:i2:pca,completed,4,4,
dvs,mapping-screen,mapping:screen:i2:pooling,completed,4,4,
dvs,mapping-screen,mapping:screen:i4:legacy,completed,4,4,
dvs,mapping-screen,mapping:screen:i4:orthogonal,completed,4,4,
dvs,mapping-screen,mapping:screen:i4:pca,completed,4,4,
dvs,mapping-screen,mapping:screen:i4:pooling,completed,4,4,
dvs,development,observations:crc2:all,completed,12,12,
dvs,development,observations:crc2:products,completed,12,12,
dvs,development,observations:crc2:width24,completed,12,12,
dvs,development,observations:crc4:all,completed,12,12,
dvs,development,observations:crc4:products,completed,12,12,
dvs,development,observations:crc4:width24,completed,12,12,
dvs,development,observations:projection:i2,completed,12,12,
dvs,development,observations:projection:i4,completed,12,12,
dvs,development,observations:qrc2:all,completed,12,12,
dvs,development,observations:qrc2:products,completed,12,12,
dvs,development,observations:qrc2:zz,completed,12,12,
dvs,development,observations:qrc4:all,completed,12,12,
dvs,development,observations:qrc4:products,completed,12,12,
dvs,development,observations:qrc4:zz,completed,12,12,
dvs,development,practical:large-crc,completed,12,12,
dvs,development,practical:lstm,completed,12,12,
dvs,development,practical:transformer,completed,12,12,
dvs,development,recurrence:crc:all,completed,12,12,
dvs,development,recurrence:crc:partial,completed,12,12,
dvs,development,recurrence:qrc:all,completed,12,12,
dvs,development,recurrence:qrc:partial,completed,12,12,
dvs,mapping-development,mapping-paired:i2:legacy:crc,completed,12,12,
dvs,mapping-development,mapping-paired:i2:legacy:projection,completed,12,12,
dvs,mapping-development,mapping-paired:i2:legacy:qrc,completed,12,12,
dvs,mapping-development,mapping-paired:i2:pca:crc,completed,12,12,
dvs,mapping-development,mapping-paired:i2:pca:projection,completed,12,12,
dvs,mapping-development,mapping-paired:i2:pca:qrc,completed,12,12,
dvs,mapping-development,mapping-paired:i4:legacy:crc,completed,12,12,
dvs,mapping-development,mapping-paired:i4:legacy:projection,completed,12,12,
dvs,mapping-development,mapping-paired:i4:legacy:qrc,completed,12,12,
dvs,mapping-development,mapping-paired:i4:pca:crc,completed,12,12,
dvs,mapping-development,mapping-paired:i4:pca:projection,completed,12,12,
dvs,mapping-development,mapping-paired:i4:pca:qrc,completed,12,12,
dvs,mapping-robustness,mapping-robustness:i2:legacy:crc:p42,completed,4,4,
dvs,mapping-robustness,mapping-robustness:i2:legacy:crc:p44,completed,4,4,
dvs,mapping-robustness,mapping-robustness:i2:legacy:crc:p46,completed,4,4,
dvs,mapping-robustness,mapping-robustness:i2:legacy:projection:p42,completed,4,4,
dvs,mapping-robustness,mapping-robustness:i2:legacy:projection:p44,completed,4,4,
dvs,mapping-robustness,mapping-robustness:i2:legacy:projection:p46,completed,4,4,
dvs,mapping-robustness,mapping-robustness:i2:legacy:qrc:p42,completed,4,4,
dvs,mapping-robustness,mapping-robustness:i2:legacy:qrc:p44,completed,4,4,
dvs,mapping-robustness,mapping-robustness:i2:legacy:qrc:p46,completed,4,4,
dvs,mapping-robustness,mapping-robustness:i4:legacy:crc:p42,completed,4,4,
dvs,mapping-robustness,mapping-robustness:i4:legacy:crc:p44,completed,4,4,
dvs,mapping-robustness,mapping-robustness:i4:legacy:crc:p46,completed,4,4,
dvs,mapping-robustness,mapping-robustness:i4:legacy:projection:p42,completed,4,4,
dvs,mapping-robustness,mapping-robustness:i4:legacy:projection:p44,completed,4,4,
dvs,mapping-robustness,mapping-robustness:i4:legacy:projection:p46,completed,4,4,
dvs,mapping-robustness,mapping-robustness:i4:legacy:qrc:p42,completed,4,4,
dvs,mapping-robustness,mapping-robustness:i4:legacy:qrc:p44,completed,4,4,
dvs,mapping-robustness,mapping-robustness:i4:legacy:qrc:p46,completed,4,4,
shd,preprocessing-diagnostic,preprocessing,completed,9,9,
all,confirmation,all,completed,360,360,
all,official,all,completed,360,360,
dvs,resources,practical:large-crc,completed,6,6,42
dvs,resources,practical:large-crc,completed,6,6,44
dvs,resources,practical:large-crc,completed,6,6,46
dvs,resources,practical:lstm,completed,6,6,42
dvs,resources,practical:lstm,completed,6,6,44
dvs,resources,practical:lstm,completed,6,6,46
dvs,resources,practical:transformer,completed,6,6,42
dvs,resources,practical:transformer,completed,6,6,44
dvs,resources,practical:transformer,completed,6,6,46
shd,resources,practical:large-crc,completed,6,6,42
shd,resources,practical:large-crc,completed,6,6,44
shd,resources,practical:large-crc,completed,6,6,46
shd,resources,practical:lstm,completed,6,6,42
shd,resources,practical:lstm,completed,6,6,44
shd,resources,practical:lstm,completed,6,6,46
shd,resources,practical:transformer,completed,6,6,42
shd,resources,practical:transformer,completed,6,6,44
shd,resources,practical:transformer,completed,6,6,46
all,resources,practical-costs,completed,108,108,
shd,confirmation,QRC-minus-CRC:comparison:fixed:q4-i2-qrc:comparison:fixed:q4-i2-crc,completed,3,3,
shd,development,QRC-minus-CRC:comparison:fixed:q4-i2-qrc:comparison:fixed:q4-i2-crc,completed,12,12,
shd,official,QRC-minus-CRC:comparison:fixed:q4-i2-qrc:comparison:fixed:q4-i2-crc,completed,3,3,
shd,confirmation,QRC-minus-CRC:comparison:fixed12:q4-i2-qrc:comparison:fixed12:q4-i2-crc,completed,3,3,
shd,development,QRC-minus-CRC:comparison:fixed12:q4-i2-qrc:comparison:fixed12:q4-i2-crc,completed,12,12,
shd,official,QRC-minus-CRC:comparison:fixed12:q4-i2-qrc:comparison:fixed12:q4-i2-crc,completed,3,3,
shd,confirmation,QRC-minus-CRC:comparison:tuned:q4-i2-qrc:comparison:tuned:q4-i2-crc,completed,3,3,
shd,development,QRC-minus-CRC:comparison:tuned:q4-i2-qrc:comparison:tuned:q4-i2-crc,completed,12,12,
shd,official,QRC-minus-CRC:comparison:tuned:q4-i2-qrc:comparison:tuned:q4-i2-crc,completed,3,3,
shd,confirmation,tuned-minus-fixed:comparison:tuned:q4-i2-qrc:comparison:fixed:q4-i2-qrc,completed,3,3,
shd,development,tuned-minus-fixed:comparison:tuned:q4-i2-qrc:comparison:fixed:q4-i2-qrc,completed,12,12,
shd,official,tuned-minus-fixed:comparison:tuned:q4-i2-qrc:comparison:fixed:q4-i2-qrc,completed,3,3,
shd,confirmation,natural-minus-fixed12:comparison:fixed:q4-i2-qrc:comparison:fixed12:q4-i2-qrc,completed,3,3,
shd,development,natural-minus-fixed12:comparison:fixed:q4-i2-qrc:comparison:fixed12:q4-i2-qrc,completed,12,12,
shd,official,natural-minus-fixed12:comparison:fixed:q4-i2-qrc:comparison:fixed12:q4-i2-qrc,completed,3,3,
shd,confirmation,reservoir-minus-projection:comparison:fixed:q4-i2-qrc:comparison:projection:i2,completed,3,3,
shd,development,reservoir-minus-projection:comparison:fixed:q4-i2-qrc:comparison:projection:i2,completed,12,12,
shd,official,reservoir-minus-projection:comparison:fixed:q4-i2-qrc:comparison:projection:i2,completed,3,3,
shd,confirmation,tuned-minus-fixed:comparison:tuned:q4-i2-crc:comparison:fixed:q4-i2-crc,completed,3,3,
shd,development,tuned-minus-fixed:comparison:tuned:q4-i2-crc:comparison:fixed:q4-i2-crc,completed,12,12,
shd,official,tuned-minus-fixed:comparison:tuned:q4-i2-crc:comparison:fixed:q4-i2-crc,completed,3,3,
shd,confirmation,natural-minus-fixed12:comparison:fixed:q4-i2-crc:comparison:fixed12:q4-i2-crc,completed,3,3,
shd,development,natural-minus-fixed12:comparison:fixed:q4-i2-crc:comparison:fixed12:q4-i2-crc,completed,12,12,
shd,official,natural-minus-fixed12:comparison:fixed:q4-i2-crc:comparison:fixed12:q4-i2-crc,completed,3,3,
shd,confirmation,reservoir-minus-projection:comparison:fixed:q4-i2-crc:comparison:projection:i2,completed,3,3,
shd,development,reservoir-minus-projection:comparison:fixed:q4-i2-crc:comparison:projection:i2,completed,12,12,
shd,official,reservoir-minus-projection:comparison:fixed:q4-i2-crc:comparison:projection:i2,completed,3,3,
shd,confirmation,QRC-minus-CRC:comparison:fixed:q6-i2-qrc:comparison:fixed:q6-i2-crc,completed,3,3,
shd,development,QRC-minus-CRC:comparison:fixed:q6-i2-qrc:comparison:fixed:q6-i2-crc,completed,12,12,
shd,official,QRC-minus-CRC:comparison:fixed:q6-i2-qrc:comparison:fixed:q6-i2-crc,completed,3,3,
shd,confirmation,QRC-minus-CRC:comparison:fixed12:q6-i2-qrc:comparison:fixed12:q6-i2-crc,completed,3,3,
shd,development,QRC-minus-CRC:comparison:fixed12:q6-i2-qrc:comparison:fixed12:q6-i2-crc,completed,12,12,
shd,official,QRC-minus-CRC:comparison:fixed12:q6-i2-qrc:comparison:fixed12:q6-i2-crc,completed,3,3,
shd,confirmation,QRC-minus-CRC:comparison:tuned:q6-i2-qrc:comparison:tuned:q6-i2-crc,completed,3,3,
shd,development,QRC-minus-CRC:comparison:tuned:q6-i2-qrc:comparison:tuned:q6-i2-crc,completed,12,12,
shd,official,QRC-minus-CRC:comparison:tuned:q6-i2-qrc:comparison:tuned:q6-i2-crc,completed,3,3,
shd,confirmation,tuned-minus-fixed:comparison:tuned:q6-i2-qrc:comparison:fixed:q6-i2-qrc,completed,3,3,
shd,development,tuned-minus-fixed:comparison:tuned:q6-i2-qrc:comparison:fixed:q6-i2-qrc,completed,12,12,
shd,official,tuned-minus-fixed:comparison:tuned:q6-i2-qrc:comparison:fixed:q6-i2-qrc,completed,3,3,
shd,confirmation,natural-minus-fixed12:comparison:fixed:q6-i2-qrc:comparison:fixed12:q6-i2-qrc,completed,3,3,
shd,development,natural-minus-fixed12:comparison:fixed:q6-i2-qrc:comparison:fixed12:q6-i2-qrc,completed,12,12,
shd,official,natural-minus-fixed12:comparison:fixed:q6-i2-qrc:comparison:fixed12:q6-i2-qrc,completed,3,3,
shd,confirmation,reservoir-minus-projection:comparison:fixed:q6-i2-qrc:comparison:projection:i2,completed,3,3,
shd,development,reservoir-minus-projection:comparison:fixed:q6-i2-qrc:comparison:projection:i2,completed,12,12,
shd,official,reservoir-minus-projection:comparison:fixed:q6-i2-qrc:comparison:projection:i2,completed,3,3,
shd,confirmation,tuned-minus-fixed:comparison:tuned:q6-i2-crc:comparison:fixed:q6-i2-crc,completed,3,3,
shd,development,tuned-minus-fixed:comparison:tuned:q6-i2-crc:comparison:fixed:q6-i2-crc,completed,12,12,
shd,official,tuned-minus-fixed:comparison:tuned:q6-i2-crc:comparison:fixed:q6-i2-crc,completed,3,3,
shd,confirmation,natural-minus-fixed12:comparison:fixed:q6-i2-crc:comparison:fixed12:q6-i2-crc,completed,3,3,
shd,development,natural-minus-fixed12:comparison:fixed:q6-i2-crc:comparison:fixed12:q6-i2-crc,completed,12,12,
shd,official,natural-minus-fixed12:comparison:fixed:q6-i2-crc:comparison:fixed12:q6-i2-crc,completed,3,3,
shd,confirmation,reservoir-minus-projection:comparison:fixed:q6-i2-crc:comparison:projection:i2,completed,3,3,
shd,development,reservoir-minus-projection:comparison:fixed:q6-i2-crc:comparison:projection:i2,completed,12,12,
shd,official,reservoir-minus-projection:comparison:fixed:q6-i2-crc:comparison:projection:i2,completed,3,3,
shd,confirmation,QRC-minus-CRC:comparison:fixed:q6-i4-qrc:comparison:fixed:q6-i4-crc,completed,3,3,
shd,development,QRC-minus-CRC:comparison:fixed:q6-i4-qrc:comparison:fixed:q6-i4-crc,completed,12,12,
shd,official,QRC-minus-CRC:comparison:fixed:q6-i4-qrc:comparison:fixed:q6-i4-crc,completed,3,3,
shd,confirmation,QRC-minus-CRC:comparison:fixed12:q6-i4-qrc:comparison:fixed12:q6-i4-crc,completed,3,3,
shd,development,QRC-minus-CRC:comparison:fixed12:q6-i4-qrc:comparison:fixed12:q6-i4-crc,completed,12,12,
shd,official,QRC-minus-CRC:comparison:fixed12:q6-i4-qrc:comparison:fixed12:q6-i4-crc,completed,3,3,
shd,confirmation,QRC-minus-CRC:comparison:tuned:q6-i4-qrc:comparison:tuned:q6-i4-crc,completed,3,3,
shd,development,QRC-minus-CRC:comparison:tuned:q6-i4-qrc:comparison:tuned:q6-i4-crc,completed,12,12,
shd,official,QRC-minus-CRC:comparison:tuned:q6-i4-qrc:comparison:tuned:q6-i4-crc,completed,3,3,
shd,confirmation,tuned-minus-fixed:comparison:tuned:q6-i4-qrc:comparison:fixed:q6-i4-qrc,completed,3,3,
shd,development,tuned-minus-fixed:comparison:tuned:q6-i4-qrc:comparison:fixed:q6-i4-qrc,completed,12,12,
shd,official,tuned-minus-fixed:comparison:tuned:q6-i4-qrc:comparison:fixed:q6-i4-qrc,completed,3,3,
shd,confirmation,natural-minus-fixed12:comparison:fixed:q6-i4-qrc:comparison:fixed12:q6-i4-qrc,completed,3,3,
shd,development,natural-minus-fixed12:comparison:fixed:q6-i4-qrc:comparison:fixed12:q6-i4-qrc,completed,12,12,
shd,official,natural-minus-fixed12:comparison:fixed:q6-i4-qrc:comparison:fixed12:q6-i4-qrc,completed,3,3,
shd,confirmation,reservoir-minus-projection:comparison:fixed:q6-i4-qrc:comparison:projection:i4,completed,3,3,
shd,development,reservoir-minus-projection:comparison:fixed:q6-i4-qrc:comparison:projection:i4,completed,12,12,
shd,official,reservoir-minus-projection:comparison:fixed:q6-i4-qrc:comparison:projection:i4,completed,3,3,
shd,confirmation,tuned-minus-fixed:comparison:tuned:q6-i4-crc:comparison:fixed:q6-i4-crc,completed,3,3,
shd,development,tuned-minus-fixed:comparison:tuned:q6-i4-crc:comparison:fixed:q6-i4-crc,completed,12,12,
shd,official,tuned-minus-fixed:comparison:tuned:q6-i4-crc:comparison:fixed:q6-i4-crc,completed,3,3,
shd,confirmation,natural-minus-fixed12:comparison:fixed:q6-i4-crc:comparison:fixed12:q6-i4-crc,completed,3,3,
shd,development,natural-minus-fixed12:comparison:fixed:q6-i4-crc:comparison:fixed12:q6-i4-crc,completed,12,12,
shd,official,natural-minus-fixed12:comparison:fixed:q6-i4-crc:comparison:fixed12:q6-i4-crc,completed,3,3,
shd,confirmation,reservoir-minus-projection:comparison:fixed:q6-i4-crc:comparison:projection:i4,completed,3,3,
shd,development,reservoir-minus-projection:comparison:fixed:q6-i4-crc:comparison:projection:i4,completed,12,12,
shd,official,reservoir-minus-projection:comparison:fixed:q6-i4-crc:comparison:projection:i4,completed,3,3,
shd,confirmation,QRC-minus-CRC:comparison:fixed:q8-i2-qrc:comparison:fixed:q8-i2-crc,completed,3,3,
shd,development,QRC-minus-CRC:comparison:fixed:q8-i2-qrc:comparison:fixed:q8-i2-crc,completed,12,12,
shd,official,QRC-minus-CRC:comparison:fixed:q8-i2-qrc:comparison:fixed:q8-i2-crc,completed,3,3,
shd,confirmation,QRC-minus-CRC:comparison:fixed12:q8-i2-qrc:comparison:fixed12:q8-i2-crc,completed,3,3,
shd,development,QRC-minus-CRC:comparison:fixed12:q8-i2-qrc:comparison:fixed12:q8-i2-crc,completed,12,12,
shd,official,QRC-minus-CRC:comparison:fixed12:q8-i2-qrc:comparison:fixed12:q8-i2-crc,completed,3,3,
shd,confirmation,QRC-minus-CRC:comparison:tuned:q8-i2-qrc:comparison:tuned:q8-i2-crc,completed,3,3,
shd,development,QRC-minus-CRC:comparison:tuned:q8-i2-qrc:comparison:tuned:q8-i2-crc,completed,12,12,
shd,official,QRC-minus-CRC:comparison:tuned:q8-i2-qrc:comparison:tuned:q8-i2-crc,completed,3,3,
shd,confirmation,tuned-minus-fixed:comparison:tuned:q8-i2-qrc:comparison:fixed:q8-i2-qrc,completed,3,3,
shd,development,tuned-minus-fixed:comparison:tuned:q8-i2-qrc:comparison:fixed:q8-i2-qrc,completed,12,12,
shd,official,tuned-minus-fixed:comparison:tuned:q8-i2-qrc:comparison:fixed:q8-i2-qrc,completed,3,3,
shd,confirmation,natural-minus-fixed12:comparison:fixed:q8-i2-qrc:comparison:fixed12:q8-i2-qrc,completed,3,3,
shd,development,natural-minus-fixed12:comparison:fixed:q8-i2-qrc:comparison:fixed12:q8-i2-qrc,completed,12,12,
shd,official,natural-minus-fixed12:comparison:fixed:q8-i2-qrc:comparison:fixed12:q8-i2-qrc,completed,3,3,
shd,confirmation,reservoir-minus-projection:comparison:fixed:q8-i2-qrc:comparison:projection:i2,completed,3,3,
shd,development,reservoir-minus-projection:comparison:fixed:q8-i2-qrc:comparison:projection:i2,completed,12,12,
shd,official,reservoir-minus-projection:comparison:fixed:q8-i2-qrc:comparison:projection:i2,completed,3,3,
shd,confirmation,tuned-minus-fixed:comparison:tuned:q8-i2-crc:comparison:fixed:q8-i2-crc,completed,3,3,
shd,development,tuned-minus-fixed:comparison:tuned:q8-i2-crc:comparison:fixed:q8-i2-crc,completed,12,12,
shd,official,tuned-minus-fixed:comparison:tuned:q8-i2-crc:comparison:fixed:q8-i2-crc,completed,3,3,
shd,confirmation,natural-minus-fixed12:comparison:fixed:q8-i2-crc:comparison:fixed12:q8-i2-crc,completed,3,3,
shd,development,natural-minus-fixed12:comparison:fixed:q8-i2-crc:comparison:fixed12:q8-i2-crc,completed,12,12,
shd,official,natural-minus-fixed12:comparison:fixed:q8-i2-crc:comparison:fixed12:q8-i2-crc,completed,3,3,
shd,confirmation,reservoir-minus-projection:comparison:fixed:q8-i2-crc:comparison:projection:i2,completed,3,3,
shd,development,reservoir-minus-projection:comparison:fixed:q8-i2-crc:comparison:projection:i2,completed,12,12,
shd,official,reservoir-minus-projection:comparison:fixed:q8-i2-crc:comparison:projection:i2,completed,3,3,
shd,confirmation,QRC-minus-CRC:comparison:fixed:q8-i4-qrc:comparison:fixed:q8-i4-crc,completed,3,3,
shd,development,QRC-minus-CRC:comparison:fixed:q8-i4-qrc:comparison:fixed:q8-i4-crc,completed,12,12,
shd,official,QRC-minus-CRC:comparison:fixed:q8-i4-qrc:comparison:fixed:q8-i4-crc,completed,3,3,
shd,confirmation,QRC-minus-CRC:comparison:fixed12:q8-i4-qrc:comparison:fixed12:q8-i4-crc,completed,3,3,
shd,development,QRC-minus-CRC:comparison:fixed12:q8-i4-qrc:comparison:fixed12:q8-i4-crc,completed,12,12,
shd,official,QRC-minus-CRC:comparison:fixed12:q8-i4-qrc:comparison:fixed12:q8-i4-crc,completed,3,3,
shd,confirmation,QRC-minus-CRC:comparison:tuned:q8-i4-qrc:comparison:tuned:q8-i4-crc,completed,3,3,
shd,development,QRC-minus-CRC:comparison:tuned:q8-i4-qrc:comparison:tuned:q8-i4-crc,completed,12,12,
shd,official,QRC-minus-CRC:comparison:tuned:q8-i4-qrc:comparison:tuned:q8-i4-crc,completed,3,3,
shd,confirmation,tuned-minus-fixed:comparison:tuned:q8-i4-qrc:comparison:fixed:q8-i4-qrc,completed,3,3,
shd,development,tuned-minus-fixed:comparison:tuned:q8-i4-qrc:comparison:fixed:q8-i4-qrc,completed,12,12,
shd,official,tuned-minus-fixed:comparison:tuned:q8-i4-qrc:comparison:fixed:q8-i4-qrc,completed,3,3,
shd,confirmation,natural-minus-fixed12:comparison:fixed:q8-i4-qrc:comparison:fixed12:q8-i4-qrc,completed,3,3,
shd,development,natural-minus-fixed12:comparison:fixed:q8-i4-qrc:comparison:fixed12:q8-i4-qrc,completed,12,12,
shd,official,natural-minus-fixed12:comparison:fixed:q8-i4-qrc:comparison:fixed12:q8-i4-qrc,completed,3,3,
shd,confirmation,reservoir-minus-projection:comparison:fixed:q8-i4-qrc:comparison:projection:i4,completed,3,3,
shd,development,reservoir-minus-projection:comparison:fixed:q8-i4-qrc:comparison:projection:i4,completed,12,12,
shd,official,reservoir-minus-projection:comparison:fixed:q8-i4-qrc:comparison:projection:i4,completed,3,3,
shd,confirmation,tuned-minus-fixed:comparison:tuned:q8-i4-crc:comparison:fixed:q8-i4-crc,completed,3,3,
shd,development,tuned-minus-fixed:comparison:tuned:q8-i4-crc:comparison:fixed:q8-i4-crc,completed,12,12,
shd,official,tuned-minus-fixed:comparison:tuned:q8-i4-crc:comparison:fixed:q8-i4-crc,completed,3,3,
shd,confirmation,natural-minus-fixed12:comparison:fixed:q8-i4-crc:comparison:fixed12:q8-i4-crc,completed,3,3,
shd,development,natural-minus-fixed12:comparison:fixed:q8-i4-crc:comparison:fixed12:q8-i4-crc,completed,12,12,
shd,official,natural-minus-fixed12:comparison:fixed:q8-i4-crc:comparison:fixed12:q8-i4-crc,completed,3,3,
shd,confirmation,reservoir-minus-projection:comparison:fixed:q8-i4-crc:comparison:projection:i4,completed,3,3,
shd,development,reservoir-minus-projection:comparison:fixed:q8-i4-crc:comparison:projection:i4,completed,12,12,
shd,official,reservoir-minus-projection:comparison:fixed:q8-i4-crc:comparison:projection:i4,completed,3,3,
shd,confirmation,QRC-minus-CRC:comparison:fixed:q8-i6-qrc:comparison:fixed:q8-i6-crc,completed,3,3,
shd,development,QRC-minus-CRC:comparison:fixed:q8-i6-qrc:comparison:fixed:q8-i6-crc,completed,12,12,
shd,official,QRC-minus-CRC:comparison:fixed:q8-i6-qrc:comparison:fixed:q8-i6-crc,completed,3,3,
shd,confirmation,QRC-minus-CRC:comparison:fixed12:q8-i6-qrc:comparison:fixed12:q8-i6-crc,completed,3,3,
shd,development,QRC-minus-CRC:comparison:fixed12:q8-i6-qrc:comparison:fixed12:q8-i6-crc,completed,12,12,
shd,official,QRC-minus-CRC:comparison:fixed12:q8-i6-qrc:comparison:fixed12:q8-i6-crc,completed,3,3,
shd,confirmation,QRC-minus-CRC:comparison:tuned:q8-i6-qrc:comparison:tuned:q8-i6-crc,completed,3,3,
shd,development,QRC-minus-CRC:comparison:tuned:q8-i6-qrc:comparison:tuned:q8-i6-crc,completed,12,12,
shd,official,QRC-minus-CRC:comparison:tuned:q8-i6-qrc:comparison:tuned:q8-i6-crc,completed,3,3,
shd,confirmation,tuned-minus-fixed:comparison:tuned:q8-i6-qrc:comparison:fixed:q8-i6-qrc,completed,3,3,
shd,development,tuned-minus-fixed:comparison:tuned:q8-i6-qrc:comparison:fixed:q8-i6-qrc,completed,12,12,
shd,official,tuned-minus-fixed:comparison:tuned:q8-i6-qrc:comparison:fixed:q8-i6-qrc,completed,3,3,
shd,confirmation,natural-minus-fixed12:comparison:fixed:q8-i6-qrc:comparison:fixed12:q8-i6-qrc,completed,3,3,
shd,development,natural-minus-fixed12:comparison:fixed:q8-i6-qrc:comparison:fixed12:q8-i6-qrc,completed,12,12,
shd,official,natural-minus-fixed12:comparison:fixed:q8-i6-qrc:comparison:fixed12:q8-i6-qrc,completed,3,3,
shd,confirmation,reservoir-minus-projection:comparison:fixed:q8-i6-qrc:comparison:projection:i6,completed,3,3,
shd,development,reservoir-minus-projection:comparison:fixed:q8-i6-qrc:comparison:projection:i6,completed,12,12,
shd,official,reservoir-minus-projection:comparison:fixed:q8-i6-qrc:comparison:projection:i6,completed,3,3,
shd,confirmation,tuned-minus-fixed:comparison:tuned:q8-i6-crc:comparison:fixed:q8-i6-crc,completed,3,3,
shd,development,tuned-minus-fixed:comparison:tuned:q8-i6-crc:comparison:fixed:q8-i6-crc,completed,12,12,
shd,official,tuned-minus-fixed:comparison:tuned:q8-i6-crc:comparison:fixed:q8-i6-crc,completed,3,3,
shd,confirmation,natural-minus-fixed12:comparison:fixed:q8-i6-crc:comparison:fixed12:q8-i6-crc,completed,3,3,
shd,development,natural-minus-fixed12:comparison:fixed:q8-i6-crc:comparison:fixed12:q8-i6-crc,completed,12,12,
shd,official,natural-minus-fixed12:comparison:fixed:q8-i6-crc:comparison:fixed12:q8-i6-crc,completed,3,3,
shd,confirmation,reservoir-minus-projection:comparison:fixed:q8-i6-crc:comparison:projection:i6,completed,3,3,
shd,development,reservoir-minus-projection:comparison:fixed:q8-i6-crc:comparison:projection:i6,completed,12,12,
shd,official,reservoir-minus-projection:comparison:fixed:q8-i6-crc:comparison:projection:i6,completed,3,3,
shd,confirmation,partial-minus-reset-all:recurrence:qrc:partial:recurrence:qrc:all,completed,3,3,
shd,development,partial-minus-reset-all:recurrence:qrc:partial:recurrence:qrc:all,completed,12,12,
shd,official,partial-minus-reset-all:recurrence:qrc:partial:recurrence:qrc:all,completed,3,3,
shd,confirmation,partial-minus-reset-all:recurrence:crc:partial:recurrence:crc:all,completed,3,3,
shd,development,partial-minus-reset-all:recurrence:crc:partial:recurrence:crc:all,completed,12,12,
shd,official,partial-minus-reset-all:recurrence:crc:partial:recurrence:crc:all,completed,3,3,
shd,learning-development,learning-QRC-minus-CRC:comparison:tuned:q6-i2-qrc:n=600:comparison:tuned:q6-i2-crc:n=600,completed,12,12,
shd,learning-development,learning-QRC-minus-CRC:comparison:tuned:q6-i2-qrc:n=2000:comparison:tuned:q6-i2-crc:n=2000,completed,12,12,
shd,learning-development,learning-QRC-minus-CRC:comparison:tuned:q6-i2-qrc:n=full:comparison:tuned:q6-i2-crc:n=full,completed,12,12,
shd,learning-development,learning-QRC-minus-CRC:comparison:tuned:q6-i4-qrc:n=600:comparison:tuned:q6-i4-crc:n=600,completed,12,12,
shd,learning-development,learning-QRC-minus-CRC:comparison:tuned:q6-i4-qrc:n=2000:comparison:tuned:q6-i4-crc:n=2000,completed,12,12,
shd,learning-development,learning-QRC-minus-CRC:comparison:tuned:q6-i4-qrc:n=full:comparison:tuned:q6-i4-crc:n=full,completed,12,12,
shd,confirmation,joint-minus-local:observations:qrc2:zz:observations:qrc2:all,completed,3,3,
shd,development,joint-minus-local:observations:qrc2:zz:observations:qrc2:all,completed,12,12,
shd,official,joint-minus-local:observations:qrc2:zz:observations:qrc2:all,completed,3,3,
shd,confirmation,joint-minus-products:observations:qrc2:zz:observations:qrc2:products,completed,3,3,
shd,development,joint-minus-products:observations:qrc2:zz:observations:qrc2:products,completed,12,12,
shd,official,joint-minus-products:observations:qrc2:zz:observations:qrc2:products,completed,3,3,
shd,confirmation,products-minus-local:observations:crc2:products:observations:crc2:all,completed,3,3,
shd,development,products-minus-local:observations:crc2:products:observations:crc2:all,completed,12,12,
shd,official,products-minus-local:observations:crc2:products:observations:crc2:all,completed,3,3,
shd,confirmation,width24-minus-width18:observations:crc2:width24:observations:crc2:all,completed,3,3,
shd,development,width24-minus-width18:observations:crc2:width24:observations:crc2:all,completed,12,12,
shd,official,width24-minus-width18:observations:crc2:width24:observations:crc2:all,completed,3,3,
shd,confirmation,joint-QRC-minus-CRC24:observations:qrc2:zz:observations:crc2:width24,completed,3,3,
shd,development,joint-QRC-minus-CRC24:observations:qrc2:zz:observations:crc2:width24,completed,12,12,
shd,official,joint-QRC-minus-CRC24:observations:qrc2:zz:observations:crc2:width24,completed,3,3,
shd,confirmation,joint-minus-local:observations:qrc4:zz:observations:qrc4:all,completed,3,3,
shd,development,joint-minus-local:observations:qrc4:zz:observations:qrc4:all,completed,12,12,
shd,official,joint-minus-local:observations:qrc4:zz:observations:qrc4:all,completed,3,3,
shd,confirmation,joint-minus-products:observations:qrc4:zz:observations:qrc4:products,completed,3,3,
shd,development,joint-minus-products:observations:qrc4:zz:observations:qrc4:products,completed,12,12,
shd,official,joint-minus-products:observations:qrc4:zz:observations:qrc4:products,completed,3,3,
shd,confirmation,products-minus-local:observations:crc4:products:observations:crc4:all,completed,3,3,
shd,development,products-minus-local:observations:crc4:products:observations:crc4:all,completed,12,12,
shd,official,products-minus-local:observations:crc4:products:observations:crc4:all,completed,3,3,
shd,confirmation,width24-minus-width18:observations:crc4:width24:observations:crc4:all,completed,3,3,
shd,development,width24-minus-width18:observations:crc4:width24:observations:crc4:all,completed,12,12,
shd,official,width24-minus-width18:observations:crc4:width24:observations:crc4:all,completed,3,3,
shd,confirmation,joint-QRC-minus-CRC24:observations:qrc4:zz:observations:crc4:width24,completed,3,3,
shd,development,joint-QRC-minus-CRC24:observations:qrc4:zz:observations:crc4:width24,completed,12,12,
shd,official,joint-QRC-minus-CRC24:observations:qrc4:zz:observations:crc4:width24,completed,3,3,
shd,mapping-development,mapping-QRC-minus-CRC:mapping-paired:i2:legacy:qrc:mapping-paired:i2:legacy:crc,completed,12,12,
shd,mapping-development,mapping-QRC-minus-CRC:mapping-paired:i2:pooling:qrc:mapping-paired:i2:pooling:crc,completed,12,12,
shd,mapping-development,mapping-minus-anchor:mapping-paired:i2:pooling:qrc:mapping-paired:i2:legacy:qrc,completed,12,12,
shd,mapping-development,mapping-minus-anchor:mapping-paired:i2:pooling:crc:mapping-paired:i2:legacy:crc,completed,12,12,
shd,mapping-development,mapping-minus-anchor:mapping-paired:i2:pooling:projection:mapping-paired:i2:legacy:projection,completed,12,12,
shd,mapping-development,mapping-QRC-minus-CRC:mapping-paired:i4:legacy:qrc:mapping-paired:i4:legacy:crc,completed,12,12,
shd,mapping-development,mapping-QRC-minus-CRC:mapping-paired:i4:pooling:qrc:mapping-paired:i4:pooling:crc,completed,12,12,
shd,mapping-development,mapping-minus-anchor:mapping-paired:i4:pooling:qrc:mapping-paired:i4:legacy:qrc,completed,12,12,
shd,mapping-development,mapping-minus-anchor:mapping-paired:i4:pooling:crc:mapping-paired:i4:legacy:crc,completed,12,12,
shd,mapping-development,mapping-minus-anchor:mapping-paired:i4:pooling:projection:mapping-paired:i4:legacy:projection,completed,12,12,
dvs,confirmation,QRC-minus-CRC:comparison:fixed:q4-i2-qrc:comparison:fixed:q4-i2-crc,completed,3,3,
dvs,development,QRC-minus-CRC:comparison:fixed:q4-i2-qrc:comparison:fixed:q4-i2-crc,completed,12,12,
dvs,official,QRC-minus-CRC:comparison:fixed:q4-i2-qrc:comparison:fixed:q4-i2-crc,completed,3,3,
dvs,confirmation,QRC-minus-CRC:comparison:fixed12:q4-i2-qrc:comparison:fixed12:q4-i2-crc,completed,3,3,
dvs,development,QRC-minus-CRC:comparison:fixed12:q4-i2-qrc:comparison:fixed12:q4-i2-crc,completed,12,12,
dvs,official,QRC-minus-CRC:comparison:fixed12:q4-i2-qrc:comparison:fixed12:q4-i2-crc,completed,3,3,
dvs,confirmation,QRC-minus-CRC:comparison:tuned:q4-i2-qrc:comparison:tuned:q4-i2-crc,completed,3,3,
dvs,development,QRC-minus-CRC:comparison:tuned:q4-i2-qrc:comparison:tuned:q4-i2-crc,completed,12,12,
dvs,official,QRC-minus-CRC:comparison:tuned:q4-i2-qrc:comparison:tuned:q4-i2-crc,completed,3,3,
dvs,confirmation,tuned-minus-fixed:comparison:tuned:q4-i2-qrc:comparison:fixed:q4-i2-qrc,completed,3,3,
dvs,development,tuned-minus-fixed:comparison:tuned:q4-i2-qrc:comparison:fixed:q4-i2-qrc,completed,12,12,
dvs,official,tuned-minus-fixed:comparison:tuned:q4-i2-qrc:comparison:fixed:q4-i2-qrc,completed,3,3,
dvs,confirmation,natural-minus-fixed12:comparison:fixed:q4-i2-qrc:comparison:fixed12:q4-i2-qrc,completed,3,3,
dvs,development,natural-minus-fixed12:comparison:fixed:q4-i2-qrc:comparison:fixed12:q4-i2-qrc,completed,12,12,
dvs,official,natural-minus-fixed12:comparison:fixed:q4-i2-qrc:comparison:fixed12:q4-i2-qrc,completed,3,3,
dvs,confirmation,reservoir-minus-projection:comparison:fixed:q4-i2-qrc:comparison:projection:i2,completed,3,3,
dvs,development,reservoir-minus-projection:comparison:fixed:q4-i2-qrc:comparison:projection:i2,completed,12,12,
dvs,official,reservoir-minus-projection:comparison:fixed:q4-i2-qrc:comparison:projection:i2,completed,3,3,
dvs,confirmation,tuned-minus-fixed:comparison:tuned:q4-i2-crc:comparison:fixed:q4-i2-crc,completed,3,3,
dvs,development,tuned-minus-fixed:comparison:tuned:q4-i2-crc:comparison:fixed:q4-i2-crc,completed,12,12,
dvs,official,tuned-minus-fixed:comparison:tuned:q4-i2-crc:comparison:fixed:q4-i2-crc,completed,3,3,
dvs,confirmation,natural-minus-fixed12:comparison:fixed:q4-i2-crc:comparison:fixed12:q4-i2-crc,completed,3,3,
dvs,development,natural-minus-fixed12:comparison:fixed:q4-i2-crc:comparison:fixed12:q4-i2-crc,completed,12,12,
dvs,official,natural-minus-fixed12:comparison:fixed:q4-i2-crc:comparison:fixed12:q4-i2-crc,completed,3,3,
dvs,confirmation,reservoir-minus-projection:comparison:fixed:q4-i2-crc:comparison:projection:i2,completed,3,3,
dvs,development,reservoir-minus-projection:comparison:fixed:q4-i2-crc:comparison:projection:i2,completed,12,12,
dvs,official,reservoir-minus-projection:comparison:fixed:q4-i2-crc:comparison:projection:i2,completed,3,3,
dvs,confirmation,QRC-minus-CRC:comparison:fixed:q6-i2-qrc:comparison:fixed:q6-i2-crc,completed,3,3,
dvs,development,QRC-minus-CRC:comparison:fixed:q6-i2-qrc:comparison:fixed:q6-i2-crc,completed,12,12,
dvs,official,QRC-minus-CRC:comparison:fixed:q6-i2-qrc:comparison:fixed:q6-i2-crc,completed,3,3,
dvs,confirmation,QRC-minus-CRC:comparison:fixed12:q6-i2-qrc:comparison:fixed12:q6-i2-crc,completed,3,3,
dvs,development,QRC-minus-CRC:comparison:fixed12:q6-i2-qrc:comparison:fixed12:q6-i2-crc,completed,12,12,
dvs,official,QRC-minus-CRC:comparison:fixed12:q6-i2-qrc:comparison:fixed12:q6-i2-crc,completed,3,3,
dvs,confirmation,QRC-minus-CRC:comparison:tuned:q6-i2-qrc:comparison:tuned:q6-i2-crc,completed,3,3,
dvs,development,QRC-minus-CRC:comparison:tuned:q6-i2-qrc:comparison:tuned:q6-i2-crc,completed,12,12,
dvs,official,QRC-minus-CRC:comparison:tuned:q6-i2-qrc:comparison:tuned:q6-i2-crc,completed,3,3,
dvs,confirmation,tuned-minus-fixed:comparison:tuned:q6-i2-qrc:comparison:fixed:q6-i2-qrc,completed,3,3,
dvs,development,tuned-minus-fixed:comparison:tuned:q6-i2-qrc:comparison:fixed:q6-i2-qrc,completed,12,12,
dvs,official,tuned-minus-fixed:comparison:tuned:q6-i2-qrc:comparison:fixed:q6-i2-qrc,completed,3,3,
dvs,confirmation,natural-minus-fixed12:comparison:fixed:q6-i2-qrc:comparison:fixed12:q6-i2-qrc,completed,3,3,
dvs,development,natural-minus-fixed12:comparison:fixed:q6-i2-qrc:comparison:fixed12:q6-i2-qrc,completed,12,12,
dvs,official,natural-minus-fixed12:comparison:fixed:q6-i2-qrc:comparison:fixed12:q6-i2-qrc,completed,3,3,
dvs,confirmation,reservoir-minus-projection:comparison:fixed:q6-i2-qrc:comparison:projection:i2,completed,3,3,
dvs,development,reservoir-minus-projection:comparison:fixed:q6-i2-qrc:comparison:projection:i2,completed,12,12,
dvs,official,reservoir-minus-projection:comparison:fixed:q6-i2-qrc:comparison:projection:i2,completed,3,3,
dvs,confirmation,tuned-minus-fixed:comparison:tuned:q6-i2-crc:comparison:fixed:q6-i2-crc,completed,3,3,
dvs,development,tuned-minus-fixed:comparison:tuned:q6-i2-crc:comparison:fixed:q6-i2-crc,completed,12,12,
dvs,official,tuned-minus-fixed:comparison:tuned:q6-i2-crc:comparison:fixed:q6-i2-crc,completed,3,3,
dvs,confirmation,natural-minus-fixed12:comparison:fixed:q6-i2-crc:comparison:fixed12:q6-i2-crc,completed,3,3,
dvs,development,natural-minus-fixed12:comparison:fixed:q6-i2-crc:comparison:fixed12:q6-i2-crc,completed,12,12,
dvs,official,natural-minus-fixed12:comparison:fixed:q6-i2-crc:comparison:fixed12:q6-i2-crc,completed,3,3,
dvs,confirmation,reservoir-minus-projection:comparison:fixed:q6-i2-crc:comparison:projection:i2,completed,3,3,
dvs,development,reservoir-minus-projection:comparison:fixed:q6-i2-crc:comparison:projection:i2,completed,12,12,
dvs,official,reservoir-minus-projection:comparison:fixed:q6-i2-crc:comparison:projection:i2,completed,3,3,
dvs,confirmation,QRC-minus-CRC:comparison:fixed:q6-i4-qrc:comparison:fixed:q6-i4-crc,completed,3,3,
dvs,development,QRC-minus-CRC:comparison:fixed:q6-i4-qrc:comparison:fixed:q6-i4-crc,completed,12,12,
dvs,official,QRC-minus-CRC:comparison:fixed:q6-i4-qrc:comparison:fixed:q6-i4-crc,completed,3,3,
dvs,confirmation,QRC-minus-CRC:comparison:fixed12:q6-i4-qrc:comparison:fixed12:q6-i4-crc,completed,3,3,
dvs,development,QRC-minus-CRC:comparison:fixed12:q6-i4-qrc:comparison:fixed12:q6-i4-crc,completed,12,12,
dvs,official,QRC-minus-CRC:comparison:fixed12:q6-i4-qrc:comparison:fixed12:q6-i4-crc,completed,3,3,
dvs,confirmation,QRC-minus-CRC:comparison:tuned:q6-i4-qrc:comparison:tuned:q6-i4-crc,completed,3,3,
dvs,development,QRC-minus-CRC:comparison:tuned:q6-i4-qrc:comparison:tuned:q6-i4-crc,completed,12,12,
dvs,official,QRC-minus-CRC:comparison:tuned:q6-i4-qrc:comparison:tuned:q6-i4-crc,completed,3,3,
dvs,confirmation,tuned-minus-fixed:comparison:tuned:q6-i4-qrc:comparison:fixed:q6-i4-qrc,completed,3,3,
dvs,development,tuned-minus-fixed:comparison:tuned:q6-i4-qrc:comparison:fixed:q6-i4-qrc,completed,12,12,
dvs,official,tuned-minus-fixed:comparison:tuned:q6-i4-qrc:comparison:fixed:q6-i4-qrc,completed,3,3,
dvs,confirmation,natural-minus-fixed12:comparison:fixed:q6-i4-qrc:comparison:fixed12:q6-i4-qrc,completed,3,3,
dvs,development,natural-minus-fixed12:comparison:fixed:q6-i4-qrc:comparison:fixed12:q6-i4-qrc,completed,12,12,
dvs,official,natural-minus-fixed12:comparison:fixed:q6-i4-qrc:comparison:fixed12:q6-i4-qrc,completed,3,3,
dvs,confirmation,reservoir-minus-projection:comparison:fixed:q6-i4-qrc:comparison:projection:i4,completed,3,3,
dvs,development,reservoir-minus-projection:comparison:fixed:q6-i4-qrc:comparison:projection:i4,completed,12,12,
dvs,official,reservoir-minus-projection:comparison:fixed:q6-i4-qrc:comparison:projection:i4,completed,3,3,
dvs,confirmation,tuned-minus-fixed:comparison:tuned:q6-i4-crc:comparison:fixed:q6-i4-crc,completed,3,3,
dvs,development,tuned-minus-fixed:comparison:tuned:q6-i4-crc:comparison:fixed:q6-i4-crc,completed,12,12,
dvs,official,tuned-minus-fixed:comparison:tuned:q6-i4-crc:comparison:fixed:q6-i4-crc,completed,3,3,
dvs,confirmation,natural-minus-fixed12:comparison:fixed:q6-i4-crc:comparison:fixed12:q6-i4-crc,completed,3,3,
dvs,development,natural-minus-fixed12:comparison:fixed:q6-i4-crc:comparison:fixed12:q6-i4-crc,completed,12,12,
dvs,official,natural-minus-fixed12:comparison:fixed:q6-i4-crc:comparison:fixed12:q6-i4-crc,completed,3,3,
dvs,confirmation,reservoir-minus-projection:comparison:fixed:q6-i4-crc:comparison:projection:i4,completed,3,3,
dvs,development,reservoir-minus-projection:comparison:fixed:q6-i4-crc:comparison:projection:i4,completed,12,12,
dvs,official,reservoir-minus-projection:comparison:fixed:q6-i4-crc:comparison:projection:i4,completed,3,3,
dvs,confirmation,QRC-minus-CRC:comparison:fixed:q8-i2-qrc:comparison:fixed:q8-i2-crc,completed,3,3,
dvs,development,QRC-minus-CRC:comparison:fixed:q8-i2-qrc:comparison:fixed:q8-i2-crc,completed,12,12,
dvs,official,QRC-minus-CRC:comparison:fixed:q8-i2-qrc:comparison:fixed:q8-i2-crc,completed,3,3,
dvs,confirmation,QRC-minus-CRC:comparison:fixed12:q8-i2-qrc:comparison:fixed12:q8-i2-crc,completed,3,3,
dvs,development,QRC-minus-CRC:comparison:fixed12:q8-i2-qrc:comparison:fixed12:q8-i2-crc,completed,12,12,
dvs,official,QRC-minus-CRC:comparison:fixed12:q8-i2-qrc:comparison:fixed12:q8-i2-crc,completed,3,3,
dvs,confirmation,QRC-minus-CRC:comparison:tuned:q8-i2-qrc:comparison:tuned:q8-i2-crc,completed,3,3,
dvs,development,QRC-minus-CRC:comparison:tuned:q8-i2-qrc:comparison:tuned:q8-i2-crc,completed,12,12,
dvs,official,QRC-minus-CRC:comparison:tuned:q8-i2-qrc:comparison:tuned:q8-i2-crc,completed,3,3,
dvs,confirmation,tuned-minus-fixed:comparison:tuned:q8-i2-qrc:comparison:fixed:q8-i2-qrc,completed,3,3,
dvs,development,tuned-minus-fixed:comparison:tuned:q8-i2-qrc:comparison:fixed:q8-i2-qrc,completed,12,12,
dvs,official,tuned-minus-fixed:comparison:tuned:q8-i2-qrc:comparison:fixed:q8-i2-qrc,completed,3,3,
dvs,confirmation,natural-minus-fixed12:comparison:fixed:q8-i2-qrc:comparison:fixed12:q8-i2-qrc,completed,3,3,
dvs,development,natural-minus-fixed12:comparison:fixed:q8-i2-qrc:comparison:fixed12:q8-i2-qrc,completed,12,12,
dvs,official,natural-minus-fixed12:comparison:fixed:q8-i2-qrc:comparison:fixed12:q8-i2-qrc,completed,3,3,
dvs,confirmation,reservoir-minus-projection:comparison:fixed:q8-i2-qrc:comparison:projection:i2,completed,3,3,
dvs,development,reservoir-minus-projection:comparison:fixed:q8-i2-qrc:comparison:projection:i2,completed,12,12,
dvs,official,reservoir-minus-projection:comparison:fixed:q8-i2-qrc:comparison:projection:i2,completed,3,3,
dvs,confirmation,tuned-minus-fixed:comparison:tuned:q8-i2-crc:comparison:fixed:q8-i2-crc,completed,3,3,
dvs,development,tuned-minus-fixed:comparison:tuned:q8-i2-crc:comparison:fixed:q8-i2-crc,completed,12,12,
dvs,official,tuned-minus-fixed:comparison:tuned:q8-i2-crc:comparison:fixed:q8-i2-crc,completed,3,3,
dvs,confirmation,natural-minus-fixed12:comparison:fixed:q8-i2-crc:comparison:fixed12:q8-i2-crc,completed,3,3,
dvs,development,natural-minus-fixed12:comparison:fixed:q8-i2-crc:comparison:fixed12:q8-i2-crc,completed,12,12,
dvs,official,natural-minus-fixed12:comparison:fixed:q8-i2-crc:comparison:fixed12:q8-i2-crc,completed,3,3,
dvs,confirmation,reservoir-minus-projection:comparison:fixed:q8-i2-crc:comparison:projection:i2,completed,3,3,
dvs,development,reservoir-minus-projection:comparison:fixed:q8-i2-crc:comparison:projection:i2,completed,12,12,
dvs,official,reservoir-minus-projection:comparison:fixed:q8-i2-crc:comparison:projection:i2,completed,3,3,
dvs,confirmation,QRC-minus-CRC:comparison:fixed:q8-i4-qrc:comparison:fixed:q8-i4-crc,completed,3,3,
dvs,development,QRC-minus-CRC:comparison:fixed:q8-i4-qrc:comparison:fixed:q8-i4-crc,completed,12,12,
dvs,official,QRC-minus-CRC:comparison:fixed:q8-i4-qrc:comparison:fixed:q8-i4-crc,completed,3,3,
dvs,confirmation,QRC-minus-CRC:comparison:fixed12:q8-i4-qrc:comparison:fixed12:q8-i4-crc,completed,3,3,
dvs,development,QRC-minus-CRC:comparison:fixed12:q8-i4-qrc:comparison:fixed12:q8-i4-crc,completed,12,12,
dvs,official,QRC-minus-CRC:comparison:fixed12:q8-i4-qrc:comparison:fixed12:q8-i4-crc,completed,3,3,
dvs,confirmation,QRC-minus-CRC:comparison:tuned:q8-i4-qrc:comparison:tuned:q8-i4-crc,completed,3,3,
dvs,development,QRC-minus-CRC:comparison:tuned:q8-i4-qrc:comparison:tuned:q8-i4-crc,completed,12,12,
dvs,official,QRC-minus-CRC:comparison:tuned:q8-i4-qrc:comparison:tuned:q8-i4-crc,completed,3,3,
dvs,confirmation,tuned-minus-fixed:comparison:tuned:q8-i4-qrc:comparison:fixed:q8-i4-qrc,completed,3,3,
dvs,development,tuned-minus-fixed:comparison:tuned:q8-i4-qrc:comparison:fixed:q8-i4-qrc,completed,12,12,
dvs,official,tuned-minus-fixed:comparison:tuned:q8-i4-qrc:comparison:fixed:q8-i4-qrc,completed,3,3,
dvs,confirmation,natural-minus-fixed12:comparison:fixed:q8-i4-qrc:comparison:fixed12:q8-i4-qrc,completed,3,3,
dvs,development,natural-minus-fixed12:comparison:fixed:q8-i4-qrc:comparison:fixed12:q8-i4-qrc,completed,12,12,
dvs,official,natural-minus-fixed12:comparison:fixed:q8-i4-qrc:comparison:fixed12:q8-i4-qrc,completed,3,3,
dvs,confirmation,reservoir-minus-projection:comparison:fixed:q8-i4-qrc:comparison:projection:i4,completed,3,3,
dvs,development,reservoir-minus-projection:comparison:fixed:q8-i4-qrc:comparison:projection:i4,completed,12,12,
dvs,official,reservoir-minus-projection:comparison:fixed:q8-i4-qrc:comparison:projection:i4,completed,3,3,
dvs,confirmation,tuned-minus-fixed:comparison:tuned:q8-i4-crc:comparison:fixed:q8-i4-crc,completed,3,3,
dvs,development,tuned-minus-fixed:comparison:tuned:q8-i4-crc:comparison:fixed:q8-i4-crc,completed,12,12,
dvs,official,tuned-minus-fixed:comparison:tuned:q8-i4-crc:comparison:fixed:q8-i4-crc,completed,3,3,
dvs,confirmation,natural-minus-fixed12:comparison:fixed:q8-i4-crc:comparison:fixed12:q8-i4-crc,completed,3,3,
dvs,development,natural-minus-fixed12:comparison:fixed:q8-i4-crc:comparison:fixed12:q8-i4-crc,completed,12,12,
dvs,official,natural-minus-fixed12:comparison:fixed:q8-i4-crc:comparison:fixed12:q8-i4-crc,completed,3,3,
dvs,confirmation,reservoir-minus-projection:comparison:fixed:q8-i4-crc:comparison:projection:i4,completed,3,3,
dvs,development,reservoir-minus-projection:comparison:fixed:q8-i4-crc:comparison:projection:i4,completed,12,12,
dvs,official,reservoir-minus-projection:comparison:fixed:q8-i4-crc:comparison:projection:i4,completed,3,3,
dvs,confirmation,QRC-minus-CRC:comparison:fixed:q8-i6-qrc:comparison:fixed:q8-i6-crc,completed,3,3,
dvs,development,QRC-minus-CRC:comparison:fixed:q8-i6-qrc:comparison:fixed:q8-i6-crc,completed,12,12,
dvs,official,QRC-minus-CRC:comparison:fixed:q8-i6-qrc:comparison:fixed:q8-i6-crc,completed,3,3,
dvs,confirmation,QRC-minus-CRC:comparison:fixed12:q8-i6-qrc:comparison:fixed12:q8-i6-crc,completed,3,3,
dvs,development,QRC-minus-CRC:comparison:fixed12:q8-i6-qrc:comparison:fixed12:q8-i6-crc,completed,12,12,
dvs,official,QRC-minus-CRC:comparison:fixed12:q8-i6-qrc:comparison:fixed12:q8-i6-crc,completed,3,3,
dvs,confirmation,QRC-minus-CRC:comparison:tuned:q8-i6-qrc:comparison:tuned:q8-i6-crc,completed,3,3,
dvs,development,QRC-minus-CRC:comparison:tuned:q8-i6-qrc:comparison:tuned:q8-i6-crc,completed,12,12,
dvs,official,QRC-minus-CRC:comparison:tuned:q8-i6-qrc:comparison:tuned:q8-i6-crc,completed,3,3,
dvs,confirmation,tuned-minus-fixed:comparison:tuned:q8-i6-qrc:comparison:fixed:q8-i6-qrc,completed,3,3,
dvs,development,tuned-minus-fixed:comparison:tuned:q8-i6-qrc:comparison:fixed:q8-i6-qrc,completed,12,12,
dvs,official,tuned-minus-fixed:comparison:tuned:q8-i6-qrc:comparison:fixed:q8-i6-qrc,completed,3,3,
dvs,confirmation,natural-minus-fixed12:comparison:fixed:q8-i6-qrc:comparison:fixed12:q8-i6-qrc,completed,3,3,
dvs,development,natural-minus-fixed12:comparison:fixed:q8-i6-qrc:comparison:fixed12:q8-i6-qrc,completed,12,12,
dvs,official,natural-minus-fixed12:comparison:fixed:q8-i6-qrc:comparison:fixed12:q8-i6-qrc,completed,3,3,
dvs,confirmation,reservoir-minus-projection:comparison:fixed:q8-i6-qrc:comparison:projection:i6,completed,3,3,
dvs,development,reservoir-minus-projection:comparison:fixed:q8-i6-qrc:comparison:projection:i6,completed,12,12,
dvs,official,reservoir-minus-projection:comparison:fixed:q8-i6-qrc:comparison:projection:i6,completed,3,3,
dvs,confirmation,tuned-minus-fixed:comparison:tuned:q8-i6-crc:comparison:fixed:q8-i6-crc,completed,3,3,
dvs,development,tuned-minus-fixed:comparison:tuned:q8-i6-crc:comparison:fixed:q8-i6-crc,completed,12,12,
dvs,official,tuned-minus-fixed:comparison:tuned:q8-i6-crc:comparison:fixed:q8-i6-crc,completed,3,3,
dvs,confirmation,natural-minus-fixed12:comparison:fixed:q8-i6-crc:comparison:fixed12:q8-i6-crc,completed,3,3,
dvs,development,natural-minus-fixed12:comparison:fixed:q8-i6-crc:comparison:fixed12:q8-i6-crc,completed,12,12,
dvs,official,natural-minus-fixed12:comparison:fixed:q8-i6-crc:comparison:fixed12:q8-i6-crc,completed,3,3,
dvs,confirmation,reservoir-minus-projection:comparison:fixed:q8-i6-crc:comparison:projection:i6,completed,3,3,
dvs,development,reservoir-minus-projection:comparison:fixed:q8-i6-crc:comparison:projection:i6,completed,12,12,
dvs,official,reservoir-minus-projection:comparison:fixed:q8-i6-crc:comparison:projection:i6,completed,3,3,
dvs,confirmation,partial-minus-reset-all:recurrence:qrc:partial:recurrence:qrc:all,completed,3,3,
dvs,development,partial-minus-reset-all:recurrence:qrc:partial:recurrence:qrc:all,completed,12,12,
dvs,official,partial-minus-reset-all:recurrence:qrc:partial:recurrence:qrc:all,completed,3,3,
dvs,confirmation,partial-minus-reset-all:recurrence:crc:partial:recurrence:crc:all,completed,3,3,
dvs,development,partial-minus-reset-all:recurrence:crc:partial:recurrence:crc:all,completed,12,12,
dvs,official,partial-minus-reset-all:recurrence:crc:partial:recurrence:crc:all,completed,3,3,
dvs,confirmation,joint-minus-local:observations:qrc2:zz:observations:qrc2:all,completed,3,3,
dvs,development,joint-minus-local:observations:qrc2:zz:observations:qrc2:all,completed,12,12,
dvs,official,joint-minus-local:observations:qrc2:zz:observations:qrc2:all,completed,3,3,
dvs,confirmation,joint-minus-products:observations:qrc2:zz:observations:qrc2:products,completed,3,3,
dvs,development,joint-minus-products:observations:qrc2:zz:observations:qrc2:products,completed,12,12,
dvs,official,joint-minus-products:observations:qrc2:zz:observations:qrc2:products,completed,3,3,
dvs,confirmation,products-minus-local:observations:crc2:products:observations:crc2:all,completed,3,3,
dvs,development,products-minus-local:observations:crc2:products:observations:crc2:all,completed,12,12,
dvs,official,products-minus-local:observations:crc2:products:observations:crc2:all,completed,3,3,
dvs,confirmation,width24-minus-width18:observations:crc2:width24:observations:crc2:all,completed,3,3,
dvs,development,width24-minus-width18:observations:crc2:width24:observations:crc2:all,completed,12,12,
dvs,official,width24-minus-width18:observations:crc2:width24:observations:crc2:all,completed,3,3,
dvs,confirmation,joint-QRC-minus-CRC24:observations:qrc2:zz:observations:crc2:width24,completed,3,3,
dvs,development,joint-QRC-minus-CRC24:observations:qrc2:zz:observations:crc2:width24,completed,12,12,
dvs,official,joint-QRC-minus-CRC24:observations:qrc2:zz:observations:crc2:width24,completed,3,3,
dvs,confirmation,joint-minus-local:observations:qrc4:zz:observations:qrc4:all,completed,3,3,
dvs,development,joint-minus-local:observations:qrc4:zz:observations:qrc4:all,completed,12,12,
dvs,official,joint-minus-local:observations:qrc4:zz:observations:qrc4:all,completed,3,3,
dvs,confirmation,joint-minus-products:observations:qrc4:zz:observations:qrc4:products,completed,3,3,
dvs,development,joint-minus-products:observations:qrc4:zz:observations:qrc4:products,completed,12,12,
dvs,official,joint-minus-products:observations:qrc4:zz:observations:qrc4:products,completed,3,3,
dvs,confirmation,products-minus-local:observations:crc4:products:observations:crc4:all,completed,3,3,
dvs,development,products-minus-local:observations:crc4:products:observations:crc4:all,completed,12,12,
dvs,official,products-minus-local:observations:crc4:products:observations:crc4:all,completed,3,3,
dvs,confirmation,width24-minus-width18:observations:crc4:width24:observations:crc4:all,completed,3,3,
dvs,development,width24-minus-width18:observations:crc4:width24:observations:crc4:all,completed,12,12,
dvs,official,width24-minus-width18:observations:crc4:width24:observations:crc4:all,completed,3,3,
dvs,confirmation,joint-QRC-minus-CRC24:observations:qrc4:zz:observations:crc4:width24,completed,3,3,
dvs,development,joint-QRC-minus-CRC24:observations:qrc4:zz:observations:crc4:width24,completed,12,12,
dvs,official,joint-QRC-minus-CRC24:observations:qrc4:zz:observations:crc4:width24,completed,3,3,
dvs,mapping-development,mapping-QRC-minus-CRC:mapping-paired:i2:legacy:qrc:mapping-paired:i2:legacy:crc,completed,12,12,
dvs,mapping-development,mapping-QRC-minus-CRC:mapping-paired:i2:pca:qrc:mapping-paired:i2:pca:crc,completed,12,12,
dvs,mapping-development,mapping-minus-anchor:mapping-paired:i2:pca:qrc:mapping-paired:i2:legacy:qrc,completed,12,12,
dvs,mapping-development,mapping-minus-anchor:mapping-paired:i2:pca:crc:mapping-paired:i2:legacy:crc,completed,12,12,
dvs,mapping-development,mapping-minus-anchor:mapping-paired:i2:pca:projection:mapping-paired:i2:legacy:projection,completed,12,12,
dvs,mapping-development,mapping-QRC-minus-CRC:mapping-paired:i4:legacy:qrc:mapping-paired:i4:legacy:crc,completed,12,12,
dvs,mapping-development,mapping-QRC-minus-CRC:mapping-paired:i4:pca:qrc:mapping-paired:i4:pca:crc,completed,12,12,
dvs,mapping-development,mapping-minus-anchor:mapping-paired:i4:pca:qrc:mapping-paired:i4:legacy:qrc,completed,12,12,
dvs,mapping-development,mapping-minus-anchor:mapping-paired:i4:pca:crc:mapping-paired:i4:legacy:crc,completed,12,12,
dvs,mapping-development,mapping-minus-anchor:mapping-paired:i4:pca:projection:mapping-paired:i4:legacy:projection,completed,12,12,
shd,preprocessing-diagnostic,representation-difference:original_log:paper_counts,completed,3,3,
shd,preprocessing-diagnostic,representation-difference:original_log:selected_log,completed,3,3,
shd,preprocessing-diagnostic,representation-difference:paper_counts:selected_log,completed,3,3,
