batch_size,checkpoint_bytes,complete_fitting_seconds,dataset,deterministic_algorithms,device,energy,extraction_seconds,feature_cache_bytes,features_reused,fitted_normalization_parameters,fitting_boundary,fixed_parameters,host_memory_boundary,inference_artifact_bytes,learned_parameters,model,optimization_seconds,optimizer_checkpoint_bytes,peak_host_rss_bytes,pipeline_id,readout_fitting_seconds,role,seed,setup_seconds,tf32_cudnn,tf32_matmul,threads,timing_population,torch_peak_allocated_bytes,torch_peak_reserved_bytes,training_job,test_accuracy,test_macro_f1,test_macro_precision,test_macro_recall,repeat,samples,seconds,workload
128,,0.4618786339997314,dvs,True,cpu,,5.245930998004042,19851392,True,4608,"Recorded complete fit wall time, including extraction or cache loading and evaluation; feature reuse is explicit",98560,"Peak isolated process RSS, including imported runtime, dataset metadata and fitted pipeline; not incremental model-only RAM",824009,25355,crc,,,863518720,3107b827a73147b32d72c2dca0ee20ec7fa681696cc110a9df9866ef2caeb7c5,0.32591188000515103,practical:large-crc,42,0.12257428599696141,False,False,4,Length-stratified development-confirmation subset; not official-test inference,,,output/runs/thesis-verification/evidence/metrics/jobs/917177a05e7a984bcac8ead461572a2d0326e714e6742bde140d7cd0386e5578/result.json,0.8863636363636364,0.8873187648546018,0.892023229825465,0.8863636363636362,0,1,0.028455596009735018,single
128,,0.4618786339997314,dvs,True,cpu,,5.245930998004042,19851392,True,4608,"Recorded complete fit wall time, including extraction or cache loading and evaluation; feature reuse is explicit",98560,"Peak isolated process RSS, including imported runtime, dataset metadata and fitted pipeline; not incremental model-only RAM",824009,25355,crc,,,863518720,3107b827a73147b32d72c2dca0ee20ec7fa681696cc110a9df9866ef2caeb7c5,0.32591188000515103,practical:large-crc,42,0.12257428599696141,False,False,4,Length-stratified development-confirmation subset; not official-test inference,,,output/runs/thesis-verification/evidence/metrics/jobs/917177a05e7a984bcac8ead461572a2d0326e714e6742bde140d7cd0386e5578/result.json,0.8863636363636364,0.8873187648546018,0.892023229825465,0.8863636363636362,0,64,0.22054367400414776,batch
128,,0.4618786339997314,dvs,True,cpu,,5.245930998004042,19851392,True,4608,"Recorded complete fit wall time, including extraction or cache loading and evaluation; feature reuse is explicit",98560,"Peak isolated process RSS, including imported runtime, dataset metadata and fitted pipeline; not incremental model-only RAM",824009,25355,crc,,,863518720,3107b827a73147b32d72c2dca0ee20ec7fa681696cc110a9df9866ef2caeb7c5,0.32591188000515103,practical:large-crc,42,0.12257428599696141,False,False,4,Length-stratified development-confirmation subset; not official-test inference,,,output/runs/thesis-verification/evidence/metrics/jobs/917177a05e7a984bcac8ead461572a2d0326e714e6742bde140d7cd0386e5578/result.json,0.8863636363636364,0.8873187648546018,0.892023229825465,0.8863636363636362,1,1,0.008293799008242786,single
128,,0.4618786339997314,dvs,True,cpu,,5.245930998004042,19851392,True,4608,"Recorded complete fit wall time, including extraction or cache loading and evaluation; feature reuse is explicit",98560,"Peak isolated process RSS, including imported runtime, dataset metadata and fitted pipeline; not incremental model-only RAM",824009,25355,crc,,,863518720,3107b827a73147b32d72c2dca0ee20ec7fa681696cc110a9df9866ef2caeb7c5,0.32591188000515103,practical:large-crc,42,0.12257428599696141,False,False,4,Length-stratified development-confirmation subset; not official-test inference,,,output/runs/thesis-verification/evidence/metrics/jobs/917177a05e7a984bcac8ead461572a2d0326e714e6742bde140d7cd0386e5578/result.json,0.8863636363636364,0.8873187648546018,0.892023229825465,0.8863636363636362,1,64,0.20931447499606293,batch
128,,0.4618786339997314,dvs,True,cpu,,5.245930998004042,19851392,True,4608,"Recorded complete fit wall time, including extraction or cache loading and evaluation; feature reuse is explicit",98560,"Peak isolated process RSS, including imported runtime, dataset metadata and fitted pipeline; not incremental model-only RAM",824009,25355,crc,,,863518720,3107b827a73147b32d72c2dca0ee20ec7fa681696cc110a9df9866ef2caeb7c5,0.32591188000515103,practical:large-crc,42,0.12257428599696141,False,False,4,Length-stratified development-confirmation subset; not official-test inference,,,output/runs/thesis-verification/evidence/metrics/jobs/917177a05e7a984bcac8ead461572a2d0326e714e6742bde140d7cd0386e5578/result.json,0.8863636363636364,0.8873187648546018,0.892023229825465,0.8863636363636362,2,1,0.012339798005996272,single
128,,0.4618786339997314,dvs,True,cpu,,5.245930998004042,19851392,True,4608,"Recorded complete fit wall time, including extraction or cache loading and evaluation; feature reuse is explicit",98560,"Peak isolated process RSS, including imported runtime, dataset metadata and fitted pipeline; not incremental model-only RAM",824009,25355,crc,,,863518720,3107b827a73147b32d72c2dca0ee20ec7fa681696cc110a9df9866ef2caeb7c5,0.32591188000515103,practical:large-crc,42,0.12257428599696141,False,False,4,Length-stratified development-confirmation subset; not official-test inference,,,output/runs/thesis-verification/evidence/metrics/jobs/917177a05e7a984bcac8ead461572a2d0326e714e6742bde140d7cd0386e5578/result.json,0.8863636363636364,0.8873187648546018,0.892023229825465,0.8863636363636362,2,64,0.21495897400018293,batch
128,,0.36571541299053933,dvs,True,cpu,,5.182926303008571,19851392,True,4608,"Recorded complete fit wall time, including extraction or cache loading and evaluation; feature reuse is explicit",98560,"Peak isolated process RSS, including imported runtime, dataset metadata and fitted pipeline; not incremental model-only RAM",823000,25355,crc,,,862285824,1f0c7ae51fd8554c57c8d2e7152d1fd717c272e16e0b495fd0adb0111d493e17,0.22692907399323303,practical:large-crc,44,0.13358438799332362,False,False,4,Length-stratified development-confirmation subset; not official-test inference,,,output/runs/thesis-verification/evidence/metrics/jobs/6fad788c3a67ee3ca4bb6d6e731a991f63ed6a02fbf20ae957c36f6f2c284359/result.json,0.8939393939393939,0.893525122834204,0.8969200569595824,0.8939393939393938,0,1,0.007851004993426614,single
128,,0.36571541299053933,dvs,True,cpu,,5.182926303008571,19851392,True,4608,"Recorded complete fit wall time, including extraction or cache loading and evaluation; feature reuse is explicit",98560,"Peak isolated process RSS, including imported runtime, dataset metadata and fitted pipeline; not incremental model-only RAM",823000,25355,crc,,,862285824,1f0c7ae51fd8554c57c8d2e7152d1fd717c272e16e0b495fd0adb0111d493e17,0.22692907399323303,practical:large-crc,44,0.13358438799332362,False,False,4,Length-stratified development-confirmation subset; not official-test inference,,,output/runs/thesis-verification/evidence/metrics/jobs/6fad788c3a67ee3ca4bb6d6e731a991f63ed6a02fbf20ae957c36f6f2c284359/result.json,0.8939393939393939,0.893525122834204,0.8969200569595824,0.8939393939393938,0,64,0.21031023999967147,batch
128,,0.36571541299053933,dvs,True,cpu,,5.182926303008571,19851392,True,4608,"Recorded complete fit wall time, including extraction or cache loading and evaluation; feature reuse is explicit",98560,"Peak isolated process RSS, including imported runtime, dataset metadata and fitted pipeline; not incremental model-only RAM",823000,25355,crc,,,862285824,1f0c7ae51fd8554c57c8d2e7152d1fd717c272e16e0b495fd0adb0111d493e17,0.22692907399323303,practical:large-crc,44,0.13358438799332362,False,False,4,Length-stratified development-confirmation subset; not official-test inference,,,output/runs/thesis-verification/evidence/metrics/jobs/6fad788c3a67ee3ca4bb6d6e731a991f63ed6a02fbf20ae957c36f6f2c284359/result.json,0.8939393939393939,0.893525122834204,0.8969200569595824,0.8939393939393938,1,1,0.008301505004055798,single
128,,0.36571541299053933,dvs,True,cpu,,5.182926303008571,19851392,True,4608,"Recorded complete fit wall time, including extraction or cache loading and evaluation; feature reuse is explicit",98560,"Peak isolated process RSS, including imported runtime, dataset metadata and fitted pipeline; not incremental model-only RAM",823000,25355,crc,,,862285824,1f0c7ae51fd8554c57c8d2e7152d1fd717c272e16e0b495fd0adb0111d493e17,0.22692907399323303,practical:large-crc,44,0.13358438799332362,False,False,4,Length-stratified development-confirmation subset; not official-test inference,,,output/runs/thesis-verification/evidence/metrics/jobs/6fad788c3a67ee3ca4bb6d6e731a991f63ed6a02fbf20ae957c36f6f2c284359/result.json,0.8939393939393939,0.893525122834204,0.8969200569595824,0.8939393939393938,1,64,0.19713513100577984,batch
128,,0.36571541299053933,dvs,True,cpu,,5.182926303008571,19851392,True,4608,"Recorded complete fit wall time, including extraction or cache loading and evaluation; feature reuse is explicit",98560,"Peak isolated process RSS, including imported runtime, dataset metadata and fitted pipeline; not incremental model-only RAM",823000,25355,crc,,,862285824,1f0c7ae51fd8554c57c8d2e7152d1fd717c272e16e0b495fd0adb0111d493e17,0.22692907399323303,practical:large-crc,44,0.13358438799332362,False,False,4,Length-stratified development-confirmation subset; not official-test inference,,,output/runs/thesis-verification/evidence/metrics/jobs/6fad788c3a67ee3ca4bb6d6e731a991f63ed6a02fbf20ae957c36f6f2c284359/result.json,0.8939393939393939,0.893525122834204,0.8969200569595824,0.8939393939393938,2,1,0.01557421000325121,single
128,,0.36571541299053933,dvs,True,cpu,,5.182926303008571,19851392,True,4608,"Recorded complete fit wall time, including extraction or cache loading and evaluation; feature reuse is explicit",98560,"Peak isolated process RSS, including imported runtime, dataset metadata and fitted pipeline; not incremental model-only RAM",823000,25355,crc,,,862285824,1f0c7ae51fd8554c57c8d2e7152d1fd717c272e16e0b495fd0adb0111d493e17,0.22692907399323303,practical:large-crc,44,0.13358438799332362,False,False,4,Length-stratified development-confirmation subset; not official-test inference,,,output/runs/thesis-verification/evidence/metrics/jobs/6fad788c3a67ee3ca4bb6d6e731a991f63ed6a02fbf20ae957c36f6f2c284359/result.json,0.8939393939393939,0.893525122834204,0.8969200569595824,0.8939393939393938,2,64,0.21389214199734852,batch
128,,0.31492925800012017,dvs,True,cpu,,3.5757064989975333,19851392,True,4608,"Recorded complete fit wall time, including extraction or cache loading and evaluation; feature reuse is explicit",98560,"Peak isolated process RSS, including imported runtime, dataset metadata and fitted pipeline; not incremental model-only RAM",822840,25355,crc,,,860966912,f64adb6d36e13e172b09837029eb8695d6909bf5a6e9a366cbdc81226705b9f3,0.2259483560001172,practical:large-crc,46,0.4411337899946375,False,False,4,Length-stratified development-confirmation subset; not official-test inference,,,output/runs/thesis-verification/evidence/metrics/jobs/6a45c9d60debcb8c4af9495d69776fab89e53a55d7cb2fb7cc2533b989d7bc1e/result.json,0.8636363636363636,0.8628218584025451,0.8707744188935411,0.8636363636363636,0,1,0.009690007005701773,single
128,,0.31492925800012017,dvs,True,cpu,,3.5757064989975333,19851392,True,4608,"Recorded complete fit wall time, including extraction or cache loading and evaluation; feature reuse is explicit",98560,"Peak isolated process RSS, including imported runtime, dataset metadata and fitted pipeline; not incremental model-only RAM",822840,25355,crc,,,860966912,f64adb6d36e13e172b09837029eb8695d6909bf5a6e9a366cbdc81226705b9f3,0.2259483560001172,practical:large-crc,46,0.4411337899946375,False,False,4,Length-stratified development-confirmation subset; not official-test inference,,,output/runs/thesis-verification/evidence/metrics/jobs/6a45c9d60debcb8c4af9495d69776fab89e53a55d7cb2fb7cc2533b989d7bc1e/result.json,0.8636363636363636,0.8628218584025451,0.8707744188935411,0.8636363636363636,0,64,0.21467544099141378,batch
128,,0.31492925800012017,dvs,True,cpu,,3.5757064989975333,19851392,True,4608,"Recorded complete fit wall time, including extraction or cache loading and evaluation; feature reuse is explicit",98560,"Peak isolated process RSS, including imported runtime, dataset metadata and fitted pipeline; not incremental model-only RAM",822840,25355,crc,,,860966912,f64adb6d36e13e172b09837029eb8695d6909bf5a6e9a366cbdc81226705b9f3,0.2259483560001172,practical:large-crc,46,0.4411337899946375,False,False,4,Length-stratified development-confirmation subset; not official-test inference,,,output/runs/thesis-verification/evidence/metrics/jobs/6a45c9d60debcb8c4af9495d69776fab89e53a55d7cb2fb7cc2533b989d7bc1e/result.json,0.8636363636363636,0.8628218584025451,0.8707744188935411,0.8636363636363636,1,1,0.0074510050035314634,single
128,,0.31492925800012017,dvs,True,cpu,,3.5757064989975333,19851392,True,4608,"Recorded complete fit wall time, including extraction or cache loading and evaluation; feature reuse is explicit",98560,"Peak isolated process RSS, including imported runtime, dataset metadata and fitted pipeline; not incremental model-only RAM",822840,25355,crc,,,860966912,f64adb6d36e13e172b09837029eb8695d6909bf5a6e9a366cbdc81226705b9f3,0.2259483560001172,practical:large-crc,46,0.4411337899946375,False,False,4,Length-stratified development-confirmation subset; not official-test inference,,,output/runs/thesis-verification/evidence/metrics/jobs/6a45c9d60debcb8c4af9495d69776fab89e53a55d7cb2fb7cc2533b989d7bc1e/result.json,0.8636363636363636,0.8628218584025451,0.8707744188935411,0.8636363636363636,1,64,0.20679313600703608,batch
128,,0.31492925800012017,dvs,True,cpu,,3.5757064989975333,19851392,True,4608,"Recorded complete fit wall time, including extraction or cache loading and evaluation; feature reuse is explicit",98560,"Peak isolated process RSS, including imported runtime, dataset metadata and fitted pipeline; not incremental model-only RAM",822840,25355,crc,,,860966912,f64adb6d36e13e172b09837029eb8695d6909bf5a6e9a366cbdc81226705b9f3,0.2259483560001172,practical:large-crc,46,0.4411337899946375,False,False,4,Length-stratified development-confirmation subset; not official-test inference,,,output/runs/thesis-verification/evidence/metrics/jobs/6a45c9d60debcb8c4af9495d69776fab89e53a55d7cb2fb7cc2533b989d7bc1e/result.json,0.8636363636363636,0.8628218584025451,0.8707744188935411,0.8636363636363636,2,1,0.007496505000744946,single
128,,0.31492925800012017,dvs,True,cpu,,3.5757064989975333,19851392,True,4608,"Recorded complete fit wall time, including extraction or cache loading and evaluation; feature reuse is explicit",98560,"Peak isolated process RSS, including imported runtime, dataset metadata and fitted pipeline; not incremental model-only RAM",822840,25355,crc,,,860966912,f64adb6d36e13e172b09837029eb8695d6909bf5a6e9a366cbdc81226705b9f3,0.2259483560001172,practical:large-crc,46,0.4411337899946375,False,False,4,Length-stratified development-confirmation subset; not official-test inference,,,output/runs/thesis-verification/evidence/metrics/jobs/6a45c9d60debcb8c4af9495d69776fab89e53a55d7cb2fb7cc2533b989d7bc1e/result.json,0.8636363636363636,0.8628218584025451,0.8707744188935411,0.8636363636363636,2,64,0.21921484399354085,batch
128,593685,80.36051620599756,dvs,True,cuda:0,,,,,0,"Recorded complete fit wall time, including extraction or cache loading and evaluation; feature reuse is explicit",0,"Peak isolated process RSS, including imported runtime, dataset metadata and fitted pipeline; not incremental model-only RAM",496207,133515,lstm,39.12057458810159,2435020,1289527296,ba936172fe43b2aedc6e1f4886049c9528c610660ff2a81e15c0599c01d834e8,,practical:lstm,42,0.24688512898865156,False,False,4,Length-stratified development-confirmation subset; not official-test inference,251292672,419430400,output/runs/thesis-verification/evidence/metrics/jobs/a2657a54ad68b83a0ea04566e8af4d3bf36fd03300479dda7f866058c8f70f6b/result.json,0.803030303030303,0.7950017858790525,0.8180885269887828,0.8030303030303031,0,1,0.0019543039961718023,single
128,593685,80.36051620599756,dvs,True,cuda:0,,,,,0,"Recorded complete fit wall time, including extraction or cache loading and evaluation; feature reuse is explicit",0,"Peak isolated process RSS, including imported runtime, dataset metadata and fitted pipeline; not incremental model-only RAM",496207,133515,lstm,39.12057458810159,2435020,1289527296,ba936172fe43b2aedc6e1f4886049c9528c610660ff2a81e15c0599c01d834e8,,practical:lstm,42,0.24688512898865156,False,False,4,Length-stratified development-confirmation subset; not official-test inference,251292672,419430400,output/runs/thesis-verification/evidence/metrics/jobs/a2657a54ad68b83a0ea04566e8af4d3bf36fd03300479dda7f866058c8f70f6b/result.json,0.803030303030303,0.7950017858790525,0.8180885269887828,0.8030303030303031,0,64,0.04118708800524473,batch
128,593685,80.36051620599756,dvs,True,cuda:0,,,,,0,"Recorded complete fit wall time, including extraction or cache loading and evaluation; feature reuse is explicit",0,"Peak isolated process RSS, including imported runtime, dataset metadata and fitted pipeline; not incremental model-only RAM",496207,133515,lstm,39.12057458810159,2435020,1289527296,ba936172fe43b2aedc6e1f4886049c9528c610660ff2a81e15c0599c01d834e8,,practical:lstm,42,0.24688512898865156,False,False,4,Length-stratified development-confirmation subset; not official-test inference,251292672,419430400,output/runs/thesis-verification/evidence/metrics/jobs/a2657a54ad68b83a0ea04566e8af4d3bf36fd03300479dda7f866058c8f70f6b/result.json,0.803030303030303,0.7950017858790525,0.8180885269887828,0.8030303030303031,1,1,0.0021122050093254074,single
128,593685,80.36051620599756,dvs,True,cuda:0,,,,,0,"Recorded complete fit wall time, including extraction or cache loading and evaluation; feature reuse is explicit",0,"Peak isolated process RSS, including imported runtime, dataset metadata and fitted pipeline; not incremental model-only RAM",496207,133515,lstm,39.12057458810159,2435020,1289527296,ba936172fe43b2aedc6e1f4886049c9528c610660ff2a81e15c0599c01d834e8,,practical:lstm,42,0.24688512898865156,False,False,4,Length-stratified development-confirmation subset; not official-test inference,251292672,419430400,output/runs/thesis-verification/evidence/metrics/jobs/a2657a54ad68b83a0ea04566e8af4d3bf36fd03300479dda7f866058c8f70f6b/result.json,0.803030303030303,0.7950017858790525,0.8180885269887828,0.8030303030303031,1,64,0.02578355500008911,batch
128,593685,80.36051620599756,dvs,True,cuda:0,,,,,0,"Recorded complete fit wall time, including extraction or cache loading and evaluation; feature reuse is explicit",0,"Peak isolated process RSS, including imported runtime, dataset metadata and fitted pipeline; not incremental model-only RAM",496207,133515,lstm,39.12057458810159,2435020,1289527296,ba936172fe43b2aedc6e1f4886049c9528c610660ff2a81e15c0599c01d834e8,,practical:lstm,42,0.24688512898865156,False,False,4,Length-stratified development-confirmation subset; not official-test inference,251292672,419430400,output/runs/thesis-verification/evidence/metrics/jobs/a2657a54ad68b83a0ea04566e8af4d3bf36fd03300479dda7f866058c8f70f6b/result.json,0.803030303030303,0.7950017858790525,0.8180885269887828,0.8030303030303031,2,1,0.0014227030042093247,single
128,593685,80.36051620599756,dvs,True,cuda:0,,,,,0,"Recorded complete fit wall time, including extraction or cache loading and evaluation; feature reuse is explicit",0,"Peak isolated process RSS, including imported runtime, dataset metadata and fitted pipeline; not incremental model-only RAM",496207,133515,lstm,39.12057458810159,2435020,1289527296,ba936172fe43b2aedc6e1f4886049c9528c610660ff2a81e15c0599c01d834e8,,practical:lstm,42,0.24688512898865156,False,False,4,Length-stratified development-confirmation subset; not official-test inference,251292672,419430400,output/runs/thesis-verification/evidence/metrics/jobs/a2657a54ad68b83a0ea04566e8af4d3bf36fd03300479dda7f866058c8f70f6b/result.json,0.803030303030303,0.7950017858790525,0.8180885269887828,0.8030303030303031,2,64,0.026390555998659693,batch
128,593685,79.29803064800217,dvs,True,cuda:0,,,,,0,"Recorded complete fit wall time, including extraction or cache loading and evaluation; feature reuse is explicit",0,"Peak isolated process RSS, including imported runtime, dataset metadata and fitted pipeline; not incremental model-only RAM",496315,133515,lstm,38.30595344793983,2435020,1289490432,ad58f3150f615f327462cb02d4c49765ea95bcf071b5bd3f9d6f6d254e70c3fb,,practical:lstm,44,0.23748650601191912,False,False,4,Length-stratified development-confirmation subset; not official-test inference,251292672,419430400,output/runs/thesis-verification/evidence/metrics/jobs/bed9fa0c5d1821927485d1ed5396d13cb7ae4168f8b743fc09cc6a9cd2549b89/result.json,0.8181818181818182,0.8112350046901144,0.8380734542667215,0.8181818181818182,0,1,0.0018986010109074414,single
128,593685,79.29803064800217,dvs,True,cuda:0,,,,,0,"Recorded complete fit wall time, including extraction or cache loading and evaluation; feature reuse is explicit",0,"Peak isolated process RSS, including imported runtime, dataset metadata and fitted pipeline; not incremental model-only RAM",496315,133515,lstm,38.30595344793983,2435020,1289490432,ad58f3150f615f327462cb02d4c49765ea95bcf071b5bd3f9d6f6d254e70c3fb,,practical:lstm,44,0.23748650601191912,False,False,4,Length-stratified development-confirmation subset; not official-test inference,251292672,419430400,output/runs/thesis-verification/evidence/metrics/jobs/bed9fa0c5d1821927485d1ed5396d13cb7ae4168f8b743fc09cc6a9cd2549b89/result.json,0.8181818181818182,0.8112350046901144,0.8380734542667215,0.8181818181818182,0,64,0.04163049999624491,batch
128,593685,79.29803064800217,dvs,True,cuda:0,,,,,0,"Recorded complete fit wall time, including extraction or cache loading and evaluation; feature reuse is explicit",0,"Peak isolated process RSS, including imported runtime, dataset metadata and fitted pipeline; not incremental model-only RAM",496315,133515,lstm,38.30595344793983,2435020,1289490432,ad58f3150f615f327462cb02d4c49765ea95bcf071b5bd3f9d6f6d254e70c3fb,,practical:lstm,44,0.23748650601191912,False,False,4,Length-stratified development-confirmation subset; not official-test inference,251292672,419430400,output/runs/thesis-verification/evidence/metrics/jobs/bed9fa0c5d1821927485d1ed5396d13cb7ae4168f8b743fc09cc6a9cd2549b89/result.json,0.8181818181818182,0.8112350046901144,0.8380734542667215,0.8181818181818182,1,1,0.0016357999993488193,single
128,593685,79.29803064800217,dvs,True,cuda:0,,,,,0,"Recorded complete fit wall time, including extraction or cache loading and evaluation; feature reuse is explicit",0,"Peak isolated process RSS, including imported runtime, dataset metadata and fitted pipeline; not incremental model-only RAM",496315,133515,lstm,38.30595344793983,2435020,1289490432,ad58f3150f615f327462cb02d4c49765ea95bcf071b5bd3f9d6f6d254e70c3fb,,practical:lstm,44,0.23748650601191912,False,False,4,Length-stratified development-confirmation subset; not official-test inference,251292672,419430400,output/runs/thesis-verification/evidence/metrics/jobs/bed9fa0c5d1821927485d1ed5396d13cb7ae4168f8b743fc09cc6a9cd2549b89/result.json,0.8181818181818182,0.8112350046901144,0.8380734542667215,0.8181818181818182,1,64,0.027720601006876677,batch
128,593685,79.29803064800217,dvs,True,cuda:0,,,,,0,"Recorded complete fit wall time, including extraction or cache loading and evaluation; feature reuse is explicit",0,"Peak isolated process RSS, including imported runtime, dataset metadata and fitted pipeline; not incremental model-only RAM",496315,133515,lstm,38.30595344793983,2435020,1289490432,ad58f3150f615f327462cb02d4c49765ea95bcf071b5bd3f9d6f6d254e70c3fb,,practical:lstm,44,0.23748650601191912,False,False,4,Length-stratified development-confirmation subset; not official-test inference,251292672,419430400,output/runs/thesis-verification/evidence/metrics/jobs/bed9fa0c5d1821927485d1ed5396d13cb7ae4168f8b743fc09cc6a9cd2549b89/result.json,0.8181818181818182,0.8112350046901144,0.8380734542667215,0.8181818181818182,2,1,0.002001499990001321,single
128,593685,79.29803064800217,dvs,True,cuda:0,,,,,0,"Recorded complete fit wall time, including extraction or cache loading and evaluation; feature reuse is explicit",0,"Peak isolated process RSS, including imported runtime, dataset metadata and fitted pipeline; not incremental model-only RAM",496315,133515,lstm,38.30595344793983,2435020,1289490432,ad58f3150f615f327462cb02d4c49765ea95bcf071b5bd3f9d6f6d254e70c3fb,,practical:lstm,44,0.23748650601191912,False,False,4,Length-stratified development-confirmation subset; not official-test inference,251292672,419430400,output/runs/thesis-verification/evidence/metrics/jobs/bed9fa0c5d1821927485d1ed5396d13cb7ae4168f8b743fc09cc6a9cd2549b89/result.json,0.8181818181818182,0.8112350046901144,0.8380734542667215,0.8181818181818182,2,64,0.026278100995114073,batch
128,593685,78.79572217600071,dvs,True,cuda:0,,,,,0,"Recorded complete fit wall time, including extraction or cache loading and evaluation; feature reuse is explicit",0,"Peak isolated process RSS, including imported runtime, dataset metadata and fitted pipeline; not incremental model-only RAM",496240,133515,lstm,38.036754037981154,2434956,1289641984,75f0d8cb962bb697708834ba6075800be50470acf40c0091ed1d40e339f9b5ff,,practical:lstm,46,0.24333430800470524,False,False,4,Length-stratified development-confirmation subset; not official-test inference,251292672,419430400,output/runs/thesis-verification/evidence/metrics/jobs/eaf22c94bd1ea6262ffb0724eb8cb266d14e2deef832d02755ed775956f3456b/result.json,0.8106060606060606,0.8076245165952552,0.8247853595679682,0.8106060606060606,0,1,0.002018799990764819,single
128,593685,78.79572217600071,dvs,True,cuda:0,,,,,0,"Recorded complete fit wall time, including extraction or cache loading and evaluation; feature reuse is explicit",0,"Peak isolated process RSS, including imported runtime, dataset metadata and fitted pipeline; not incremental model-only RAM",496240,133515,lstm,38.036754037981154,2434956,1289641984,75f0d8cb962bb697708834ba6075800be50470acf40c0091ed1d40e339f9b5ff,,practical:lstm,46,0.24333430800470524,False,False,4,Length-stratified development-confirmation subset; not official-test inference,251292672,419430400,output/runs/thesis-verification/evidence/metrics/jobs/eaf22c94bd1ea6262ffb0724eb8cb266d14e2deef832d02755ed775956f3456b/result.json,0.8106060606060606,0.8076245165952552,0.8247853595679682,0.8106060606060606,0,64,0.033192502000019886,batch
128,593685,78.79572217600071,dvs,True,cuda:0,,,,,0,"Recorded complete fit wall time, including extraction or cache loading and evaluation; feature reuse is explicit",0,"Peak isolated process RSS, including imported runtime, dataset metadata and fitted pipeline; not incremental model-only RAM",496240,133515,lstm,38.036754037981154,2434956,1289641984,75f0d8cb962bb697708834ba6075800be50470acf40c0091ed1d40e339f9b5ff,,practical:lstm,46,0.24333430800470524,False,False,4,Length-stratified development-confirmation subset; not official-test inference,251292672,419430400,output/runs/thesis-verification/evidence/metrics/jobs/eaf22c94bd1ea6262ffb0724eb8cb266d14e2deef832d02755ed775956f3456b/result.json,0.8106060606060606,0.8076245165952552,0.8247853595679682,0.8106060606060606,1,1,0.002687200001673773,single
128,593685,78.79572217600071,dvs,True,cuda:0,,,,,0,"Recorded complete fit wall time, including extraction or cache loading and evaluation; feature reuse is explicit",0,"Peak isolated process RSS, including imported runtime, dataset metadata and fitted pipeline; not incremental model-only RAM",496240,133515,lstm,38.036754037981154,2434956,1289641984,75f0d8cb962bb697708834ba6075800be50470acf40c0091ed1d40e339f9b5ff,,practical:lstm,46,0.24333430800470524,False,False,4,Length-stratified development-confirmation subset; not official-test inference,251292672,419430400,output/runs/thesis-verification/evidence/metrics/jobs/eaf22c94bd1ea6262ffb0724eb8cb266d14e2deef832d02755ed775956f3456b/result.json,0.8106060606060606,0.8076245165952552,0.8247853595679682,0.8106060606060606,1,64,0.026621101002092473,batch
128,593685,78.79572217600071,dvs,True,cuda:0,,,,,0,"Recorded complete fit wall time, including extraction or cache loading and evaluation; feature reuse is explicit",0,"Peak isolated process RSS, including imported runtime, dataset metadata and fitted pipeline; not incremental model-only RAM",496240,133515,lstm,38.036754037981154,2434956,1289641984,75f0d8cb962bb697708834ba6075800be50470acf40c0091ed1d40e339f9b5ff,,practical:lstm,46,0.24333430800470524,False,False,4,Length-stratified development-confirmation subset; not official-test inference,251292672,419430400,output/runs/thesis-verification/evidence/metrics/jobs/eaf22c94bd1ea6262ffb0724eb8cb266d14e2deef832d02755ed775956f3456b/result.json,0.8106060606060606,0.8076245165952552,0.8247853595679682,0.8106060606060606,2,1,0.0014502999983960763,single
128,593685,78.79572217600071,dvs,True,cuda:0,,,,,0,"Recorded complete fit wall time, including extraction or cache loading and evaluation; feature reuse is explicit",0,"Peak isolated process RSS, including imported runtime, dataset metadata and fitted pipeline; not incremental model-only RAM",496240,133515,lstm,38.036754037981154,2434956,1289641984,75f0d8cb962bb697708834ba6075800be50470acf40c0091ed1d40e339f9b5ff,,practical:lstm,46,0.24333430800470524,False,False,4,Length-stratified development-confirmation subset; not official-test inference,251292672,419430400,output/runs/thesis-verification/evidence/metrics/jobs/eaf22c94bd1ea6262ffb0724eb8cb266d14e2deef832d02755ed775956f3456b/result.json,0.8106060606060606,0.8076245165952552,0.8247853595679682,0.8106060606060606,2,64,0.024704601004486904,batch
128,370063,46.85306487699563,dvs,True,cuda:0,,,,,0,"Recorded complete fit wall time, including extraction or cache loading and evaluation; feature reuse is explicit",0,"Peak isolated process RSS, including imported runtime, dataset metadata and fitted pipeline; not incremental model-only RAM",295386,75915,transformer,23.562675631939783,1442339,1357361152,d4a2f36747dbb9ff247a3e53128bc8d3128cdf9ac95410a5c28938e54db1937e,,practical:transformer,42,0.2364625069894828,False,False,4,Length-stratified development-confirmation subset; not official-test inference,196926976,278921216,output/runs/thesis-verification/evidence/metrics/jobs/cb110a0512b5e7948b892276399b25a9b4e26734735af0adec8b74739c306e22/result.json,0.8181818181818182,0.8187119905319413,0.830706822859933,0.8181818181818182,0,1,0.030413200991461053,single
128,370063,46.85306487699563,dvs,True,cuda:0,,,,,0,"Recorded complete fit wall time, including extraction or cache loading and evaluation; feature reuse is explicit",0,"Peak isolated process RSS, including imported runtime, dataset metadata and fitted pipeline; not incremental model-only RAM",295386,75915,transformer,23.562675631939783,1442339,1357361152,d4a2f36747dbb9ff247a3e53128bc8d3128cdf9ac95410a5c28938e54db1937e,,practical:transformer,42,0.2364625069894828,False,False,4,Length-stratified development-confirmation subset; not official-test inference,196926976,278921216,output/runs/thesis-verification/evidence/metrics/jobs/cb110a0512b5e7948b892276399b25a9b4e26734735af0adec8b74739c306e22/result.json,0.8181818181818182,0.8187119905319413,0.830706822859933,0.8181818181818182,0,64,0.04876800099737011,batch
128,370063,46.85306487699563,dvs,True,cuda:0,,,,,0,"Recorded complete fit wall time, including extraction or cache loading and evaluation; feature reuse is explicit",0,"Peak isolated process RSS, including imported runtime, dataset metadata and fitted pipeline; not incremental model-only RAM",295386,75915,transformer,23.562675631939783,1442339,1357361152,d4a2f36747dbb9ff247a3e53128bc8d3128cdf9ac95410a5c28938e54db1937e,,practical:transformer,42,0.2364625069894828,False,False,4,Length-stratified development-confirmation subset; not official-test inference,196926976,278921216,output/runs/thesis-verification/evidence/metrics/jobs/cb110a0512b5e7948b892276399b25a9b4e26734735af0adec8b74739c306e22/result.json,0.8181818181818182,0.8187119905319413,0.830706822859933,0.8181818181818182,1,1,0.002679199998965487,single
128,370063,46.85306487699563,dvs,True,cuda:0,,,,,0,"Recorded complete fit wall time, including extraction or cache loading and evaluation; feature reuse is explicit",0,"Peak isolated process RSS, including imported runtime, dataset metadata and fitted pipeline; not incremental model-only RAM",295386,75915,transformer,23.562675631939783,1442339,1357361152,d4a2f36747dbb9ff247a3e53128bc8d3128cdf9ac95410a5c28938e54db1937e,,practical:transformer,42,0.2364625069894828,False,False,4,Length-stratified development-confirmation subset; not official-test inference,196926976,278921216,output/runs/thesis-verification/evidence/metrics/jobs/cb110a0512b5e7948b892276399b25a9b4e26734735af0adec8b74739c306e22/result.json,0.8181818181818182,0.8187119905319413,0.830706822859933,0.8181818181818182,1,64,0.032852300995728,batch
128,370063,46.85306487699563,dvs,True,cuda:0,,,,,0,"Recorded complete fit wall time, including extraction or cache loading and evaluation; feature reuse is explicit",0,"Peak isolated process RSS, including imported runtime, dataset metadata and fitted pipeline; not incremental model-only RAM",295386,75915,transformer,23.562675631939783,1442339,1357361152,d4a2f36747dbb9ff247a3e53128bc8d3128cdf9ac95410a5c28938e54db1937e,,practical:transformer,42,0.2364625069894828,False,False,4,Length-stratified development-confirmation subset; not official-test inference,196926976,278921216,output/runs/thesis-verification/evidence/metrics/jobs/cb110a0512b5e7948b892276399b25a9b4e26734735af0adec8b74739c306e22/result.json,0.8181818181818182,0.8187119905319413,0.830706822859933,0.8181818181818182,2,1,0.0025602000096114352,single
128,370063,46.85306487699563,dvs,True,cuda:0,,,,,0,"Recorded complete fit wall time, including extraction or cache loading and evaluation; feature reuse is explicit",0,"Peak isolated process RSS, including imported runtime, dataset metadata and fitted pipeline; not incremental model-only RAM",295386,75915,transformer,23.562675631939783,1442339,1357361152,d4a2f36747dbb9ff247a3e53128bc8d3128cdf9ac95410a5c28938e54db1937e,,practical:transformer,42,0.2364625069894828,False,False,4,Length-stratified development-confirmation subset; not official-test inference,196926976,278921216,output/runs/thesis-verification/evidence/metrics/jobs/cb110a0512b5e7948b892276399b25a9b4e26734735af0adec8b74739c306e22/result.json,0.8181818181818182,0.8187119905319413,0.830706822859933,0.8181818181818182,2,64,0.03013440100767184,batch
128,370063,47.23413307199371,dvs,True,cuda:0,,,,,0,"Recorded complete fit wall time, including extraction or cache loading and evaluation; feature reuse is explicit",0,"Peak isolated process RSS, including imported runtime, dataset metadata and fitted pipeline; not incremental model-only RAM",295387,75915,transformer,23.781935185019393,1442275,1357217792,78b79d6dd33651b8ed48458badd294c242a0c4d7535fe3ec6cd85fba17f180d1,,practical:transformer,44,0.2157486469950527,False,False,4,Length-stratified development-confirmation subset; not official-test inference,196926976,278921216,output/runs/thesis-verification/evidence/metrics/jobs/dd66a38ee89a35109cbeb96679f65fd4582c089dc082c6a6b99c0b447569a0e6/result.json,0.821969696969697,0.8190584430439856,0.8271319752799706,0.8219696969696969,0,1,0.007674202002817765,single
128,370063,47.23413307199371,dvs,True,cuda:0,,,,,0,"Recorded complete fit wall time, including extraction or cache loading and evaluation; feature reuse is explicit",0,"Peak isolated process RSS, including imported runtime, dataset metadata and fitted pipeline; not incremental model-only RAM",295387,75915,transformer,23.781935185019393,1442275,1357217792,78b79d6dd33651b8ed48458badd294c242a0c4d7535fe3ec6cd85fba17f180d1,,practical:transformer,44,0.2157486469950527,False,False,4,Length-stratified development-confirmation subset; not official-test inference,196926976,278921216,output/runs/thesis-verification/evidence/metrics/jobs/dd66a38ee89a35109cbeb96679f65fd4582c089dc082c6a6b99c0b447569a0e6/result.json,0.821969696969697,0.8190584430439856,0.8271319752799706,0.8219696969696969,0,64,0.028775205995771103,batch
128,370063,47.23413307199371,dvs,True,cuda:0,,,,,0,"Recorded complete fit wall time, including extraction or cache loading and evaluation; feature reuse is explicit",0,"Peak isolated process RSS, including imported runtime, dataset metadata and fitted pipeline; not incremental model-only RAM",295387,75915,transformer,23.781935185019393,1442275,1357217792,78b79d6dd33651b8ed48458badd294c242a0c4d7535fe3ec6cd85fba17f180d1,,practical:transformer,44,0.2157486469950527,False,False,4,Length-stratified development-confirmation subset; not official-test inference,196926976,278921216,output/runs/thesis-verification/evidence/metrics/jobs/dd66a38ee89a35109cbeb96679f65fd4582c089dc082c6a6b99c0b447569a0e6/result.json,0.821969696969697,0.8190584430439856,0.8271319752799706,0.8219696969696969,1,1,0.0026468010037206113,single
128,370063,47.23413307199371,dvs,True,cuda:0,,,,,0,"Recorded complete fit wall time, including extraction or cache loading and evaluation; feature reuse is explicit",0,"Peak isolated process RSS, including imported runtime, dataset metadata and fitted pipeline; not incremental model-only RAM",295387,75915,transformer,23.781935185019393,1442275,1357217792,78b79d6dd33651b8ed48458badd294c242a0c4d7535fe3ec6cd85fba17f180d1,,practical:transformer,44,0.2157486469950527,False,False,4,Length-stratified development-confirmation subset; not official-test inference,196926976,278921216,output/runs/thesis-verification/evidence/metrics/jobs/dd66a38ee89a35109cbeb96679f65fd4582c089dc082c6a6b99c0b447569a0e6/result.json,0.821969696969697,0.8190584430439856,0.8271319752799706,0.8219696969696969,1,64,0.03278460699948482,batch
128,370063,47.23413307199371,dvs,True,cuda:0,,,,,0,"Recorded complete fit wall time, including extraction or cache loading and evaluation; feature reuse is explicit",0,"Peak isolated process RSS, including imported runtime, dataset metadata and fitted pipeline; not incremental model-only RAM",295387,75915,transformer,23.781935185019393,1442275,1357217792,78b79d6dd33651b8ed48458badd294c242a0c4d7535fe3ec6cd85fba17f180d1,,practical:transformer,44,0.2157486469950527,False,False,4,Length-stratified development-confirmation subset; not official-test inference,196926976,278921216,output/runs/thesis-verification/evidence/metrics/jobs/dd66a38ee89a35109cbeb96679f65fd4582c089dc082c6a6b99c0b447569a0e6/result.json,0.821969696969697,0.8190584430439856,0.8271319752799706,0.8219696969696969,2,1,0.0026641010044841096,single
128,370063,47.23413307199371,dvs,True,cuda:0,,,,,0,"Recorded complete fit wall time, including extraction or cache loading and evaluation; feature reuse is explicit",0,"Peak isolated process RSS, including imported runtime, dataset metadata and fitted pipeline; not incremental model-only RAM",295387,75915,transformer,23.781935185019393,1442275,1357217792,78b79d6dd33651b8ed48458badd294c242a0c4d7535fe3ec6cd85fba17f180d1,,practical:transformer,44,0.2157486469950527,False,False,4,Length-stratified development-confirmation subset; not official-test inference,196926976,278921216,output/runs/thesis-verification/evidence/metrics/jobs/dd66a38ee89a35109cbeb96679f65fd4582c089dc082c6a6b99c0b447569a0e6/result.json,0.821969696969697,0.8190584430439856,0.8271319752799706,0.8219696969696969,2,64,0.027727604989195243,batch
128,370063,50.45828393500415,dvs,True,cuda:0,,,,,0,"Recorded complete fit wall time, including extraction or cache loading and evaluation; feature reuse is explicit",0,"Peak isolated process RSS, including imported runtime, dataset metadata and fitted pipeline; not incremental model-only RAM",295250,75915,transformer,24.964286011992954,1442339,1357692928,1bb45875078f9644ab1dbf79bb0d6f7f1e0bf753905c47857aaeab3872b7b2d5,,practical:transformer,46,0.27659165899967775,False,False,4,Length-stratified development-confirmation subset; not official-test inference,196926976,278921216,output/runs/thesis-verification/evidence/metrics/jobs/5de0c7fccfc630c479aaeb84ba73d4af7f3081d842df6ea2f2c2ae4fb0709f9c/result.json,0.8143939393939394,0.8145008929548913,0.8200053469171422,0.8143939393939393,0,1,0.0075110009929630905,single
128,370063,50.45828393500415,dvs,True,cuda:0,,,,,0,"Recorded complete fit wall time, including extraction or cache loading and evaluation; feature reuse is explicit",0,"Peak isolated process RSS, including imported runtime, dataset metadata and fitted pipeline; not incremental model-only RAM",295250,75915,transformer,24.964286011992954,1442339,1357692928,1bb45875078f9644ab1dbf79bb0d6f7f1e0bf753905c47857aaeab3872b7b2d5,,practical:transformer,46,0.27659165899967775,False,False,4,Length-stratified development-confirmation subset; not official-test inference,196926976,278921216,output/runs/thesis-verification/evidence/metrics/jobs/5de0c7fccfc630c479aaeb84ba73d4af7f3081d842df6ea2f2c2ae4fb0709f9c/result.json,0.8143939393939394,0.8145008929548913,0.8200053469171422,0.8143939393939393,0,64,0.034840706997783855,batch
128,370063,50.45828393500415,dvs,True,cuda:0,,,,,0,"Recorded complete fit wall time, including extraction or cache loading and evaluation; feature reuse is explicit",0,"Peak isolated process RSS, including imported runtime, dataset metadata and fitted pipeline; not incremental model-only RAM",295250,75915,transformer,24.964286011992954,1442339,1357692928,1bb45875078f9644ab1dbf79bb0d6f7f1e0bf753905c47857aaeab3872b7b2d5,,practical:transformer,46,0.27659165899967775,False,False,4,Length-stratified development-confirmation subset; not official-test inference,196926976,278921216,output/runs/thesis-verification/evidence/metrics/jobs/5de0c7fccfc630c479aaeb84ba73d4af7f3081d842df6ea2f2c2ae4fb0709f9c/result.json,0.8143939393939394,0.8145008929548913,0.8200053469171422,0.8143939393939393,1,1,0.0025511010026093572,single
128,370063,50.45828393500415,dvs,True,cuda:0,,,,,0,"Recorded complete fit wall time, including extraction or cache loading and evaluation; feature reuse is explicit",0,"Peak isolated process RSS, including imported runtime, dataset metadata and fitted pipeline; not incremental model-only RAM",295250,75915,transformer,24.964286011992954,1442339,1357692928,1bb45875078f9644ab1dbf79bb0d6f7f1e0bf753905c47857aaeab3872b7b2d5,,practical:transformer,46,0.27659165899967775,False,False,4,Length-stratified development-confirmation subset; not official-test inference,196926976,278921216,output/runs/thesis-verification/evidence/metrics/jobs/5de0c7fccfc630c479aaeb84ba73d4af7f3081d842df6ea2f2c2ae4fb0709f9c/result.json,0.8143939393939394,0.8145008929548913,0.8200053469171422,0.8143939393939393,1,64,0.033657706997473724,batch
128,370063,50.45828393500415,dvs,True,cuda:0,,,,,0,"Recorded complete fit wall time, including extraction or cache loading and evaluation; feature reuse is explicit",0,"Peak isolated process RSS, including imported runtime, dataset metadata and fitted pipeline; not incremental model-only RAM",295250,75915,transformer,24.964286011992954,1442339,1357692928,1bb45875078f9644ab1dbf79bb0d6f7f1e0bf753905c47857aaeab3872b7b2d5,,practical:transformer,46,0.27659165899967775,False,False,4,Length-stratified development-confirmation subset; not official-test inference,196926976,278921216,output/runs/thesis-verification/evidence/metrics/jobs/5de0c7fccfc630c479aaeb84ba73d4af7f3081d842df6ea2f2c2ae4fb0709f9c/result.json,0.8143939393939394,0.8145008929548913,0.8200053469171422,0.8143939393939393,2,1,0.002393000992015004,single
128,370063,50.45828393500415,dvs,True,cuda:0,,,,,0,"Recorded complete fit wall time, including extraction or cache loading and evaluation; feature reuse is explicit",0,"Peak isolated process RSS, including imported runtime, dataset metadata and fitted pipeline; not incremental model-only RAM",295250,75915,transformer,24.964286011992954,1442339,1357692928,1bb45875078f9644ab1dbf79bb0d6f7f1e0bf753905c47857aaeab3872b7b2d5,,practical:transformer,46,0.27659165899967775,False,False,4,Length-stratified development-confirmation subset; not official-test inference,196926976,278921216,output/runs/thesis-verification/evidence/metrics/jobs/5de0c7fccfc630c479aaeb84ba73d4af7f3081d842df6ea2f2c2ae4fb0709f9c/result.json,0.8143939393939394,0.8145008929548913,0.8200053469171422,0.8143939393939393,2,64,0.025627304989029653,batch
128,,4.792805627000234,shd,True,cpu,,11.642826913001954,150331520,True,4608,"Recorded complete fit wall time, including extraction or cache loading and evaluation; feature reuse is explicit",73984,"Peak isolated process RSS, including imported runtime, dataset metadata and fitted pipeline; not incremental model-only RAM",1078998,46100,crc,,,813486080,1513ac3329e56e03521239fe725f4ba2b69ee1b26dac12aa659e9a6b5ac4966c,4.311428757000613,practical:large-crc,42,0.2488153120066272,False,False,4,Length-stratified development-confirmation subset; not official-test inference,,,output/runs/thesis-verification/evidence/metrics/jobs/17736b818b4392dd06fa2feb154022041fbfeb95cea6fdf3e867e4b3185ef798/result.json,0.833922261484099,0.8303528306681134,0.8494956383919389,0.8359268050344651,0,1,0.008876799998688512,single
128,,4.792805627000234,shd,True,cpu,,11.642826913001954,150331520,True,4608,"Recorded complete fit wall time, including extraction or cache loading and evaluation; feature reuse is explicit",73984,"Peak isolated process RSS, including imported runtime, dataset metadata and fitted pipeline; not incremental model-only RAM",1078998,46100,crc,,,813486080,1513ac3329e56e03521239fe725f4ba2b69ee1b26dac12aa659e9a6b5ac4966c,4.311428757000613,practical:large-crc,42,0.2488153120066272,False,False,4,Length-stratified development-confirmation subset; not official-test inference,,,output/runs/thesis-verification/evidence/metrics/jobs/17736b818b4392dd06fa2feb154022041fbfeb95cea6fdf3e867e4b3185ef798/result.json,0.833922261484099,0.8303528306681134,0.8494956383919389,0.8359268050344651,0,64,0.12579680599446874,batch
128,,4.792805627000234,shd,True,cpu,,11.642826913001954,150331520,True,4608,"Recorded complete fit wall time, including extraction or cache loading and evaluation; feature reuse is explicit",73984,"Peak isolated process RSS, including imported runtime, dataset metadata and fitted pipeline; not incremental model-only RAM",1078998,46100,crc,,,813486080,1513ac3329e56e03521239fe725f4ba2b69ee1b26dac12aa659e9a6b5ac4966c,4.311428757000613,practical:large-crc,42,0.2488153120066272,False,False,4,Length-stratified development-confirmation subset; not official-test inference,,,output/runs/thesis-verification/evidence/metrics/jobs/17736b818b4392dd06fa2feb154022041fbfeb95cea6fdf3e867e4b3185ef798/result.json,0.833922261484099,0.8303528306681134,0.8494956383919389,0.8359268050344651,1,1,0.009057300005224533,single
128,,4.792805627000234,shd,True,cpu,,11.642826913001954,150331520,True,4608,"Recorded complete fit wall time, including extraction or cache loading and evaluation; feature reuse is explicit",73984,"Peak isolated process RSS, including imported runtime, dataset metadata and fitted pipeline; not incremental model-only RAM",1078998,46100,crc,,,813486080,1513ac3329e56e03521239fe725f4ba2b69ee1b26dac12aa659e9a6b5ac4966c,4.311428757000613,practical:large-crc,42,0.2488153120066272,False,False,4,Length-stratified development-confirmation subset; not official-test inference,,,output/runs/thesis-verification/evidence/metrics/jobs/17736b818b4392dd06fa2feb154022041fbfeb95cea6fdf3e867e4b3185ef798/result.json,0.833922261484099,0.8303528306681134,0.8494956383919389,0.8359268050344651,1,64,0.13636630699329544,batch
128,,4.792805627000234,shd,True,cpu,,11.642826913001954,150331520,True,4608,"Recorded complete fit wall time, including extraction or cache loading and evaluation; feature reuse is explicit",73984,"Peak isolated process RSS, including imported runtime, dataset metadata and fitted pipeline; not incremental model-only RAM",1078998,46100,crc,,,813486080,1513ac3329e56e03521239fe725f4ba2b69ee1b26dac12aa659e9a6b5ac4966c,4.311428757000613,practical:large-crc,42,0.2488153120066272,False,False,4,Length-stratified development-confirmation subset; not official-test inference,,,output/runs/thesis-verification/evidence/metrics/jobs/17736b818b4392dd06fa2feb154022041fbfeb95cea6fdf3e867e4b3185ef798/result.json,0.833922261484099,0.8303528306681134,0.8494956383919389,0.8359268050344651,2,1,0.00864749999891501,single
128,,4.792805627000234,shd,True,cpu,,11.642826913001954,150331520,True,4608,"Recorded complete fit wall time, including extraction or cache loading and evaluation; feature reuse is explicit",73984,"Peak isolated process RSS, including imported runtime, dataset metadata and fitted pipeline; not incremental model-only RAM",1078998,46100,crc,,,813486080,1513ac3329e56e03521239fe725f4ba2b69ee1b26dac12aa659e9a6b5ac4966c,4.311428757000613,practical:large-crc,42,0.2488153120066272,False,False,4,Length-stratified development-confirmation subset; not official-test inference,,,output/runs/thesis-verification/evidence/metrics/jobs/17736b818b4392dd06fa2feb154022041fbfeb95cea6fdf3e867e4b3185ef798/result.json,0.833922261484099,0.8303528306681134,0.8494956383919389,0.8359268050344651,2,64,0.11999600600393023,batch
128,,5.146547330999965,shd,True,cpu,,12.047358939007609,150331520,True,4608,"Recorded complete fit wall time, including extraction or cache loading and evaluation; feature reuse is explicit",73984,"Peak isolated process RSS, including imported runtime, dataset metadata and fitted pipeline; not incremental model-only RAM",1079393,46100,crc,,,814022656,b4355969ffce08afedbc8a2f7fc05c3889e5fafb2e92f3d8da720ff445ae895d,4.7903936420007085,practical:large-crc,44,0.15488670699414797,False,False,4,Length-stratified development-confirmation subset; not official-test inference,,,output/runs/thesis-verification/evidence/metrics/jobs/1f90ad6706f4f1b606a30d095b0756b66ef5072c47ab8a4d5aaea5ce6e20e81e/result.json,0.8423144876325088,0.8414692336001176,0.8621504170219195,0.8442550612262174,0,1,0.01132379999035038,single
128,,5.146547330999965,shd,True,cpu,,12.047358939007609,150331520,True,4608,"Recorded complete fit wall time, including extraction or cache loading and evaluation; feature reuse is explicit",73984,"Peak isolated process RSS, including imported runtime, dataset metadata and fitted pipeline; not incremental model-only RAM",1079393,46100,crc,,,814022656,b4355969ffce08afedbc8a2f7fc05c3889e5fafb2e92f3d8da720ff445ae895d,4.7903936420007085,practical:large-crc,44,0.15488670699414797,False,False,4,Length-stratified development-confirmation subset; not official-test inference,,,output/runs/thesis-verification/evidence/metrics/jobs/1f90ad6706f4f1b606a30d095b0756b66ef5072c47ab8a4d5aaea5ce6e20e81e/result.json,0.8423144876325088,0.8414692336001176,0.8621504170219195,0.8442550612262174,0,64,0.12058570599765517,batch
128,,5.146547330999965,shd,True,cpu,,12.047358939007609,150331520,True,4608,"Recorded complete fit wall time, including extraction or cache loading and evaluation; feature reuse is explicit",73984,"Peak isolated process RSS, including imported runtime, dataset metadata and fitted pipeline; not incremental model-only RAM",1079393,46100,crc,,,814022656,b4355969ffce08afedbc8a2f7fc05c3889e5fafb2e92f3d8da720ff445ae895d,4.7903936420007085,practical:large-crc,44,0.15488670699414797,False,False,4,Length-stratified development-confirmation subset; not official-test inference,,,output/runs/thesis-verification/evidence/metrics/jobs/1f90ad6706f4f1b606a30d095b0756b66ef5072c47ab8a4d5aaea5ce6e20e81e/result.json,0.8423144876325088,0.8414692336001176,0.8621504170219195,0.8442550612262174,1,1,0.00879259999783244,single
128,,5.146547330999965,shd,True,cpu,,12.047358939007609,150331520,True,4608,"Recorded complete fit wall time, including extraction or cache loading and evaluation; feature reuse is explicit",73984,"Peak isolated process RSS, including imported runtime, dataset metadata and fitted pipeline; not incremental model-only RAM",1079393,46100,crc,,,814022656,b4355969ffce08afedbc8a2f7fc05c3889e5fafb2e92f3d8da720ff445ae895d,4.7903936420007085,practical:large-crc,44,0.15488670699414797,False,False,4,Length-stratified development-confirmation subset; not official-test inference,,,output/runs/thesis-verification/evidence/metrics/jobs/1f90ad6706f4f1b606a30d095b0756b66ef5072c47ab8a4d5aaea5ce6e20e81e/result.json,0.8423144876325088,0.8414692336001176,0.8621504170219195,0.8442550612262174,1,64,0.10781690500152763,batch
128,,5.146547330999965,shd,True,cpu,,12.047358939007609,150331520,True,4608,"Recorded complete fit wall time, including extraction or cache loading and evaluation; feature reuse is explicit",73984,"Peak isolated process RSS, including imported runtime, dataset metadata and fitted pipeline; not incremental model-only RAM",1079393,46100,crc,,,814022656,b4355969ffce08afedbc8a2f7fc05c3889e5fafb2e92f3d8da720ff445ae895d,4.7903936420007085,practical:large-crc,44,0.15488670699414797,False,False,4,Length-stratified development-confirmation subset; not official-test inference,,,output/runs/thesis-verification/evidence/metrics/jobs/1f90ad6706f4f1b606a30d095b0756b66ef5072c47ab8a4d5aaea5ce6e20e81e/result.json,0.8423144876325088,0.8414692336001176,0.8621504170219195,0.8442550612262174,2,1,0.011205800008610822,single
128,,5.146547330999965,shd,True,cpu,,12.047358939007609,150331520,True,4608,"Recorded complete fit wall time, including extraction or cache loading and evaluation; feature reuse is explicit",73984,"Peak isolated process RSS, including imported runtime, dataset metadata and fitted pipeline; not incremental model-only RAM",1079393,46100,crc,,,814022656,b4355969ffce08afedbc8a2f7fc05c3889e5fafb2e92f3d8da720ff445ae895d,4.7903936420007085,practical:large-crc,44,0.15488670699414797,False,False,4,Length-stratified development-confirmation subset; not official-test inference,,,output/runs/thesis-verification/evidence/metrics/jobs/1f90ad6706f4f1b606a30d095b0756b66ef5072c47ab8a4d5aaea5ce6e20e81e/result.json,0.8423144876325088,0.8414692336001176,0.8621504170219195,0.8442550612262174,2,64,0.12721870599489193,batch
128,,5.0932708109976375,shd,True,cpu,,13.5085751759907,150331520,True,4608,"Recorded complete fit wall time, including extraction or cache loading and evaluation; feature reuse is explicit",73984,"Peak isolated process RSS, including imported runtime, dataset metadata and fitted pipeline; not incremental model-only RAM",1079676,46100,crc,,,813449216,9d60006936c8af59e2946701aeb7acfffeb8eddc5bbc1659116dc481df5c59f1,4.650877085998218,practical:large-crc,46,0.44995066500268877,False,False,4,Length-stratified development-confirmation subset; not official-test inference,,,output/runs/thesis-verification/evidence/metrics/jobs/1d9dfd2d1ab42a766f63db9f08784292ac30b2e7e0d72d5b1936ac7f57bddde4/result.json,0.8330388692579506,0.8323828992771931,0.8587458167363102,0.8337402461770071,0,1,0.01311289299337659,single
128,,5.0932708109976375,shd,True,cpu,,13.5085751759907,150331520,True,4608,"Recorded complete fit wall time, including extraction or cache loading and evaluation; feature reuse is explicit",73984,"Peak isolated process RSS, including imported runtime, dataset metadata and fitted pipeline; not incremental model-only RAM",1079676,46100,crc,,,813449216,9d60006936c8af59e2946701aeb7acfffeb8eddc5bbc1659116dc481df5c59f1,4.650877085998218,practical:large-crc,46,0.44995066500268877,False,False,4,Length-stratified development-confirmation subset; not official-test inference,,,output/runs/thesis-verification/evidence/metrics/jobs/1d9dfd2d1ab42a766f63db9f08784292ac30b2e7e0d72d5b1936ac7f57bddde4/result.json,0.8330388692579506,0.8323828992771931,0.8587458167363102,0.8337402461770071,0,64,0.13285562999953981,batch
128,,5.0932708109976375,shd,True,cpu,,13.5085751759907,150331520,True,4608,"Recorded complete fit wall time, including extraction or cache loading and evaluation; feature reuse is explicit",73984,"Peak isolated process RSS, including imported runtime, dataset metadata and fitted pipeline; not incremental model-only RAM",1079676,46100,crc,,,813449216,9d60006936c8af59e2946701aeb7acfffeb8eddc5bbc1659116dc481df5c59f1,4.650877085998218,practical:large-crc,46,0.44995066500268877,False,False,4,Length-stratified development-confirmation subset; not official-test inference,,,output/runs/thesis-verification/evidence/metrics/jobs/1d9dfd2d1ab42a766f63db9f08784292ac30b2e7e0d72d5b1936ac7f57bddde4/result.json,0.8330388692579506,0.8323828992771931,0.8587458167363102,0.8337402461770071,1,1,0.008490495994919911,single
128,,5.0932708109976375,shd,True,cpu,,13.5085751759907,150331520,True,4608,"Recorded complete fit wall time, including extraction or cache loading and evaluation; feature reuse is explicit",73984,"Peak isolated process RSS, including imported runtime, dataset metadata and fitted pipeline; not incremental model-only RAM",1079676,46100,crc,,,813449216,9d60006936c8af59e2946701aeb7acfffeb8eddc5bbc1659116dc481df5c59f1,4.650877085998218,practical:large-crc,46,0.44995066500268877,False,False,4,Length-stratified development-confirmation subset; not official-test inference,,,output/runs/thesis-verification/evidence/metrics/jobs/1d9dfd2d1ab42a766f63db9f08784292ac30b2e7e0d72d5b1936ac7f57bddde4/result.json,0.8330388692579506,0.8323828992771931,0.8587458167363102,0.8337402461770071,1,64,0.11449724000704009,batch
128,,5.0932708109976375,shd,True,cpu,,13.5085751759907,150331520,True,4608,"Recorded complete fit wall time, including extraction or cache loading and evaluation; feature reuse is explicit",73984,"Peak isolated process RSS, including imported runtime, dataset metadata and fitted pipeline; not incremental model-only RAM",1079676,46100,crc,,,813449216,9d60006936c8af59e2946701aeb7acfffeb8eddc5bbc1659116dc481df5c59f1,4.650877085998218,practical:large-crc,46,0.44995066500268877,False,False,4,Length-stratified development-confirmation subset; not official-test inference,,,output/runs/thesis-verification/evidence/metrics/jobs/1d9dfd2d1ab42a766f63db9f08784292ac30b2e7e0d72d5b1936ac7f57bddde4/result.json,0.8330388692579506,0.8323828992771931,0.8587458167363102,0.8337402461770071,2,1,0.008440595003776252,single
128,,5.0932708109976375,shd,True,cpu,,13.5085751759907,150331520,True,4608,"Recorded complete fit wall time, including extraction or cache loading and evaluation; feature reuse is explicit",73984,"Peak isolated process RSS, including imported runtime, dataset metadata and fitted pipeline; not incremental model-only RAM",1079676,46100,crc,,,813449216,9d60006936c8af59e2946701aeb7acfffeb8eddc5bbc1659116dc481df5c59f1,4.650877085998218,practical:large-crc,46,0.44995066500268877,False,False,4,Length-stratified development-confirmation subset; not official-test inference,,,output/runs/thesis-verification/evidence/metrics/jobs/1d9dfd2d1ab42a766f63db9f08784292ac30b2e7e0d72d5b1936ac7f57bddde4/result.json,0.8330388692579506,0.8323828992771931,0.8587458167363102,0.8337402461770071,2,64,0.140268527000444,batch
128,597141,219.87640790001024,shd,True,cuda:0,,,,,0,"Recorded complete fit wall time, including extraction or cache loading and evaluation; feature reuse is explicit",0,"Peak isolated process RSS, including imported runtime, dataset metadata and fitted pipeline; not incremental model-only RAM",321444,85524,lstm,111.65474474999064,2458700,1280114688,b4602b72c8ed971e7fdc56145172bd82a0f4d63cb71330b7de7fda3b5581e3f7,,practical:lstm,42,0.27311995599302463,False,False,4,Length-stratified development-confirmation subset; not official-test inference,143254016,228589568,output/runs/thesis-verification/evidence/metrics/jobs/c8df335fba42ff601eb8b51290dde74b30c97a8b4f61050a7ee21b23c8fc90ec/result.json,0.8723498233215548,0.8639042049852016,0.8845610958264561,0.8734052317045654,0,1,0.003008797997608781,single
128,597141,219.87640790001024,shd,True,cuda:0,,,,,0,"Recorded complete fit wall time, including extraction or cache loading and evaluation; feature reuse is explicit",0,"Peak isolated process RSS, including imported runtime, dataset metadata and fitted pipeline; not incremental model-only RAM",321444,85524,lstm,111.65474474999064,2458700,1280114688,b4602b72c8ed971e7fdc56145172bd82a0f4d63cb71330b7de7fda3b5581e3f7,,practical:lstm,42,0.27311995599302463,False,False,4,Length-stratified development-confirmation subset; not official-test inference,143254016,228589568,output/runs/thesis-verification/evidence/metrics/jobs/c8df335fba42ff601eb8b51290dde74b30c97a8b4f61050a7ee21b23c8fc90ec/result.json,0.8723498233215548,0.8639042049852016,0.8845610958264561,0.8734052317045654,0,64,0.017857490995083936,batch
128,597141,219.87640790001024,shd,True,cuda:0,,,,,0,"Recorded complete fit wall time, including extraction or cache loading and evaluation; feature reuse is explicit",0,"Peak isolated process RSS, including imported runtime, dataset metadata and fitted pipeline; not incremental model-only RAM",321444,85524,lstm,111.65474474999064,2458700,1280114688,b4602b72c8ed971e7fdc56145172bd82a0f4d63cb71330b7de7fda3b5581e3f7,,practical:lstm,42,0.27311995599302463,False,False,4,Length-stratified development-confirmation subset; not official-test inference,143254016,228589568,output/runs/thesis-verification/evidence/metrics/jobs/c8df335fba42ff601eb8b51290dde74b30c97a8b4f61050a7ee21b23c8fc90ec/result.json,0.8723498233215548,0.8639042049852016,0.8845610958264561,0.8734052317045654,1,1,0.0018306990095879883,single
128,597141,219.87640790001024,shd,True,cuda:0,,,,,0,"Recorded complete fit wall time, including extraction or cache loading and evaluation; feature reuse is explicit",0,"Peak isolated process RSS, including imported runtime, dataset metadata and fitted pipeline; not incremental model-only RAM",321444,85524,lstm,111.65474474999064,2458700,1280114688,b4602b72c8ed971e7fdc56145172bd82a0f4d63cb71330b7de7fda3b5581e3f7,,practical:lstm,42,0.27311995599302463,False,False,4,Length-stratified development-confirmation subset; not official-test inference,143254016,228589568,output/runs/thesis-verification/evidence/metrics/jobs/c8df335fba42ff601eb8b51290dde74b30c97a8b4f61050a7ee21b23c8fc90ec/result.json,0.8723498233215548,0.8639042049852016,0.8845610958264561,0.8734052317045654,1,64,0.013663693011039868,batch
128,597141,219.87640790001024,shd,True,cuda:0,,,,,0,"Recorded complete fit wall time, including extraction or cache loading and evaluation; feature reuse is explicit",0,"Peak isolated process RSS, including imported runtime, dataset metadata and fitted pipeline; not incremental model-only RAM",321444,85524,lstm,111.65474474999064,2458700,1280114688,b4602b72c8ed971e7fdc56145172bd82a0f4d63cb71330b7de7fda3b5581e3f7,,practical:lstm,42,0.27311995599302463,False,False,4,Length-stratified development-confirmation subset; not official-test inference,143254016,228589568,output/runs/thesis-verification/evidence/metrics/jobs/c8df335fba42ff601eb8b51290dde74b30c97a8b4f61050a7ee21b23c8fc90ec/result.json,0.8723498233215548,0.8639042049852016,0.8845610958264561,0.8734052317045654,2,1,0.0016801989986561239,single
128,597141,219.87640790001024,shd,True,cuda:0,,,,,0,"Recorded complete fit wall time, including extraction or cache loading and evaluation; feature reuse is explicit",0,"Peak isolated process RSS, including imported runtime, dataset metadata and fitted pipeline; not incremental model-only RAM",321444,85524,lstm,111.65474474999064,2458700,1280114688,b4602b72c8ed971e7fdc56145172bd82a0f4d63cb71330b7de7fda3b5581e3f7,,practical:lstm,42,0.27311995599302463,False,False,4,Length-stratified development-confirmation subset; not official-test inference,143254016,228589568,output/runs/thesis-verification/evidence/metrics/jobs/c8df335fba42ff601eb8b51290dde74b30c97a8b4f61050a7ee21b23c8fc90ec/result.json,0.8723498233215548,0.8639042049852016,0.8845610958264561,0.8734052317045654,2,64,0.011848094000015408,batch
128,597141,218.2131374669989,shd,True,cuda:0,,,,,0,"Recorded complete fit wall time, including extraction or cache loading and evaluation; feature reuse is explicit",0,"Peak isolated process RSS, including imported runtime, dataset metadata and fitted pipeline; not incremental model-only RAM",321502,85524,lstm,110.6707594209438,2458700,1279868928,fb82220811e62f5a589a8b3c66295c976101162b4c3aa08988b59061b3c7d461,,practical:lstm,44,0.2249827479972737,False,False,4,Length-stratified development-confirmation subset; not official-test inference,143254016,228589568,output/runs/thesis-verification/evidence/metrics/jobs/28b4c35f6a8d24587821d7467c71c4ca58b75e3d85556afdb2ecc85e6d216b38/result.json,0.8409893992932862,0.8335759006583094,0.8590344868221212,0.8377302826755388,0,1,0.0021781989926239476,single
128,597141,218.2131374669989,shd,True,cuda:0,,,,,0,"Recorded complete fit wall time, including extraction or cache loading and evaluation; feature reuse is explicit",0,"Peak isolated process RSS, including imported runtime, dataset metadata and fitted pipeline; not incremental model-only RAM",321502,85524,lstm,110.6707594209438,2458700,1279868928,fb82220811e62f5a589a8b3c66295c976101162b4c3aa08988b59061b3c7d461,,practical:lstm,44,0.2249827479972737,False,False,4,Length-stratified development-confirmation subset; not official-test inference,143254016,228589568,output/runs/thesis-verification/evidence/metrics/jobs/28b4c35f6a8d24587821d7467c71c4ca58b75e3d85556afdb2ecc85e6d216b38/result.json,0.8409893992932862,0.8335759006583094,0.8590344868221212,0.8377302826755388,0,64,0.014142596992314793,batch
128,597141,218.2131374669989,shd,True,cuda:0,,,,,0,"Recorded complete fit wall time, including extraction or cache loading and evaluation; feature reuse is explicit",0,"Peak isolated process RSS, including imported runtime, dataset metadata and fitted pipeline; not incremental model-only RAM",321502,85524,lstm,110.6707594209438,2458700,1279868928,fb82220811e62f5a589a8b3c66295c976101162b4c3aa08988b59061b3c7d461,,practical:lstm,44,0.2249827479972737,False,False,4,Length-stratified development-confirmation subset; not official-test inference,143254016,228589568,output/runs/thesis-verification/evidence/metrics/jobs/28b4c35f6a8d24587821d7467c71c4ca58b75e3d85556afdb2ecc85e6d216b38/result.json,0.8409893992932862,0.8335759006583094,0.8590344868221212,0.8377302826755388,1,1,0.0022987999982433394,single
128,597141,218.2131374669989,shd,True,cuda:0,,,,,0,"Recorded complete fit wall time, including extraction or cache loading and evaluation; feature reuse is explicit",0,"Peak isolated process RSS, including imported runtime, dataset metadata and fitted pipeline; not incremental model-only RAM",321502,85524,lstm,110.6707594209438,2458700,1279868928,fb82220811e62f5a589a8b3c66295c976101162b4c3aa08988b59061b3c7d461,,practical:lstm,44,0.2249827479972737,False,False,4,Length-stratified development-confirmation subset; not official-test inference,143254016,228589568,output/runs/thesis-verification/evidence/metrics/jobs/28b4c35f6a8d24587821d7467c71c4ca58b75e3d85556afdb2ecc85e6d216b38/result.json,0.8409893992932862,0.8335759006583094,0.8590344868221212,0.8377302826755388,1,64,0.008998098011943512,batch
128,597141,218.2131374669989,shd,True,cuda:0,,,,,0,"Recorded complete fit wall time, including extraction or cache loading and evaluation; feature reuse is explicit",0,"Peak isolated process RSS, including imported runtime, dataset metadata and fitted pipeline; not incremental model-only RAM",321502,85524,lstm,110.6707594209438,2458700,1279868928,fb82220811e62f5a589a8b3c66295c976101162b4c3aa08988b59061b3c7d461,,practical:lstm,44,0.2249827479972737,False,False,4,Length-stratified development-confirmation subset; not official-test inference,143254016,228589568,output/runs/thesis-verification/evidence/metrics/jobs/28b4c35f6a8d24587821d7467c71c4ca58b75e3d85556afdb2ecc85e6d216b38/result.json,0.8409893992932862,0.8335759006583094,0.8590344868221212,0.8377302826755388,2,1,0.0013459990004776046,single
128,597141,218.2131374669989,shd,True,cuda:0,,,,,0,"Recorded complete fit wall time, including extraction or cache loading and evaluation; feature reuse is explicit",0,"Peak isolated process RSS, including imported runtime, dataset metadata and fitted pipeline; not incremental model-only RAM",321502,85524,lstm,110.6707594209438,2458700,1279868928,fb82220811e62f5a589a8b3c66295c976101162b4c3aa08988b59061b3c7d461,,practical:lstm,44,0.2249827479972737,False,False,4,Length-stratified development-confirmation subset; not official-test inference,143254016,228589568,output/runs/thesis-verification/evidence/metrics/jobs/28b4c35f6a8d24587821d7467c71c4ca58b75e3d85556afdb2ecc85e6d216b38/result.json,0.8409893992932862,0.8335759006583094,0.8590344868221212,0.8377302826755388,2,64,0.009133297993685119,batch
128,597141,237.66612402100873,shd,True,cuda:0,,,,,0,"Recorded complete fit wall time, including extraction or cache loading and evaluation; feature reuse is explicit",0,"Peak isolated process RSS, including imported runtime, dataset metadata and fitted pipeline; not incremental model-only RAM",321350,85524,lstm,120.66387456699158,2458700,1279647744,ce1c5f8d5af41c4369ce22a7d4e0bb493651eb87ac05c0f5bb2b1f32f45943d2,,practical:lstm,46,0.2604772400081856,False,False,4,Length-stratified development-confirmation subset; not official-test inference,143254016,228589568,output/runs/thesis-verification/evidence/metrics/jobs/19f54535dc8d921b043e207ae1b3babf90e3c2e2ee61f0357a3b8a7dbbe25401/result.json,0.859982332155477,0.8578593538834717,0.873884590139658,0.8584738369342888,0,1,0.002068000001600012,single
128,597141,237.66612402100873,shd,True,cuda:0,,,,,0,"Recorded complete fit wall time, including extraction or cache loading and evaluation; feature reuse is explicit",0,"Peak isolated process RSS, including imported runtime, dataset metadata and fitted pipeline; not incremental model-only RAM",321350,85524,lstm,120.66387456699158,2458700,1279647744,ce1c5f8d5af41c4369ce22a7d4e0bb493651eb87ac05c0f5bb2b1f32f45943d2,,practical:lstm,46,0.2604772400081856,False,False,4,Length-stratified development-confirmation subset; not official-test inference,143254016,228589568,output/runs/thesis-verification/evidence/metrics/jobs/19f54535dc8d921b043e207ae1b3babf90e3c2e2ee61f0357a3b8a7dbbe25401/result.json,0.859982332155477,0.8578593538834717,0.873884590139658,0.8584738369342888,0,64,0.016373195991036482,batch
128,597141,237.66612402100873,shd,True,cuda:0,,,,,0,"Recorded complete fit wall time, including extraction or cache loading and evaluation; feature reuse is explicit",0,"Peak isolated process RSS, including imported runtime, dataset metadata and fitted pipeline; not incremental model-only RAM",321350,85524,lstm,120.66387456699158,2458700,1279647744,ce1c5f8d5af41c4369ce22a7d4e0bb493651eb87ac05c0f5bb2b1f32f45943d2,,practical:lstm,46,0.2604772400081856,False,False,4,Length-stratified development-confirmation subset; not official-test inference,143254016,228589568,output/runs/thesis-verification/evidence/metrics/jobs/19f54535dc8d921b043e207ae1b3babf90e3c2e2ee61f0357a3b8a7dbbe25401/result.json,0.859982332155477,0.8578593538834717,0.873884590139658,0.8584738369342888,1,1,0.0015275000041583553,single
128,597141,237.66612402100873,shd,True,cuda:0,,,,,0,"Recorded complete fit wall time, including extraction or cache loading and evaluation; feature reuse is explicit",0,"Peak isolated process RSS, including imported runtime, dataset metadata and fitted pipeline; not incremental model-only RAM",321350,85524,lstm,120.66387456699158,2458700,1279647744,ce1c5f8d5af41c4369ce22a7d4e0bb493651eb87ac05c0f5bb2b1f32f45943d2,,practical:lstm,46,0.2604772400081856,False,False,4,Length-stratified development-confirmation subset; not official-test inference,143254016,228589568,output/runs/thesis-verification/evidence/metrics/jobs/19f54535dc8d921b043e207ae1b3babf90e3c2e2ee61f0357a3b8a7dbbe25401/result.json,0.859982332155477,0.8578593538834717,0.873884590139658,0.8584738369342888,1,64,0.011909797001862898,batch
128,597141,237.66612402100873,shd,True,cuda:0,,,,,0,"Recorded complete fit wall time, including extraction or cache loading and evaluation; feature reuse is explicit",0,"Peak isolated process RSS, including imported runtime, dataset metadata and fitted pipeline; not incremental model-only RAM",321350,85524,lstm,120.66387456699158,2458700,1279647744,ce1c5f8d5af41c4369ce22a7d4e0bb493651eb87ac05c0f5bb2b1f32f45943d2,,practical:lstm,46,0.2604772400081856,False,False,4,Length-stratified development-confirmation subset; not official-test inference,143254016,228589568,output/runs/thesis-verification/evidence/metrics/jobs/19f54535dc8d921b043e207ae1b3babf90e3c2e2ee61f0357a3b8a7dbbe25401/result.json,0.859982332155477,0.8578593538834717,0.873884590139658,0.8584738369342888,2,1,0.001728499002638273,single
128,597141,237.66612402100873,shd,True,cuda:0,,,,,0,"Recorded complete fit wall time, including extraction or cache loading and evaluation; feature reuse is explicit",0,"Peak isolated process RSS, including imported runtime, dataset metadata and fitted pipeline; not incremental model-only RAM",321350,85524,lstm,120.66387456699158,2458700,1279647744,ce1c5f8d5af41c4369ce22a7d4e0bb493651eb87ac05c0f5bb2b1f32f45943d2,,practical:lstm,46,0.2604772400081856,False,False,4,Length-stratified development-confirmation subset; not official-test inference,143254016,228589568,output/runs/thesis-verification/evidence/metrics/jobs/19f54535dc8d921b043e207ae1b3babf90e3c2e2ee61f0357a3b8a7dbbe25401/result.json,0.859982332155477,0.8578593538834717,0.873884590139658,0.8584738369342888,2,64,0.012326997995842248,batch
128,543247,118.34144978498807,shd,True,cuda:0,,,,,0,"Recorded complete fit wall time, including extraction or cache loading and evaluation; feature reuse is explicit",0,"Peak isolated process RSS, including imported runtime, dataset metadata and fitted pipeline; not incremental model-only RAM",275639,70356,transformer,63.22887822604389,1838563,1347022848,12606be0ba1eeb61d0cb4574513a0faf62508f94eabbe4c69400022e7e226282,,practical:transformer,42,0.25710768000863027,False,False,4,Length-stratified development-confirmation subset; not official-test inference,86939136,113246208,output/runs/thesis-verification/evidence/metrics/jobs/5876563a5874ae38176a36ba033b1b11c5b0b9c5f677b5455c740745fae1d95e/result.json,0.8507067137809188,0.8458369179871277,0.8586796706807508,0.8499807178016466,0,1,0.006669800000963733,single
128,543247,118.34144978498807,shd,True,cuda:0,,,,,0,"Recorded complete fit wall time, including extraction or cache loading and evaluation; feature reuse is explicit",0,"Peak isolated process RSS, including imported runtime, dataset metadata and fitted pipeline; not incremental model-only RAM",275639,70356,transformer,63.22887822604389,1838563,1347022848,12606be0ba1eeb61d0cb4574513a0faf62508f94eabbe4c69400022e7e226282,,practical:transformer,42,0.25710768000863027,False,False,4,Length-stratified development-confirmation subset; not official-test inference,86939136,113246208,output/runs/thesis-verification/evidence/metrics/jobs/5876563a5874ae38176a36ba033b1b11c5b0b9c5f677b5455c740745fae1d95e/result.json,0.8507067137809188,0.8458369179871277,0.8586796706807508,0.8499807178016466,0,64,0.012488898995798081,batch
128,543247,118.34144978498807,shd,True,cuda:0,,,,,0,"Recorded complete fit wall time, including extraction or cache loading and evaluation; feature reuse is explicit",0,"Peak isolated process RSS, including imported runtime, dataset metadata and fitted pipeline; not incremental model-only RAM",275639,70356,transformer,63.22887822604389,1838563,1347022848,12606be0ba1eeb61d0cb4574513a0faf62508f94eabbe4c69400022e7e226282,,practical:transformer,42,0.25710768000863027,False,False,4,Length-stratified development-confirmation subset; not official-test inference,86939136,113246208,output/runs/thesis-verification/evidence/metrics/jobs/5876563a5874ae38176a36ba033b1b11c5b0b9c5f677b5455c740745fae1d95e/result.json,0.8507067137809188,0.8458369179871277,0.8586796706807508,0.8499807178016466,1,1,0.0022475000005215406,single
128,543247,118.34144978498807,shd,True,cuda:0,,,,,0,"Recorded complete fit wall time, including extraction or cache loading and evaluation; feature reuse is explicit",0,"Peak isolated process RSS, including imported runtime, dataset metadata and fitted pipeline; not incremental model-only RAM",275639,70356,transformer,63.22887822604389,1838563,1347022848,12606be0ba1eeb61d0cb4574513a0faf62508f94eabbe4c69400022e7e226282,,practical:transformer,42,0.25710768000863027,False,False,4,Length-stratified development-confirmation subset; not official-test inference,86939136,113246208,output/runs/thesis-verification/evidence/metrics/jobs/5876563a5874ae38176a36ba033b1b11c5b0b9c5f677b5455c740745fae1d95e/result.json,0.8507067137809188,0.8458369179871277,0.8586796706807508,0.8499807178016466,1,64,0.011192998994374648,batch
128,543247,118.34144978498807,shd,True,cuda:0,,,,,0,"Recorded complete fit wall time, including extraction or cache loading and evaluation; feature reuse is explicit",0,"Peak isolated process RSS, including imported runtime, dataset metadata and fitted pipeline; not incremental model-only RAM",275639,70356,transformer,63.22887822604389,1838563,1347022848,12606be0ba1eeb61d0cb4574513a0faf62508f94eabbe4c69400022e7e226282,,practical:transformer,42,0.25710768000863027,False,False,4,Length-stratified development-confirmation subset; not official-test inference,86939136,113246208,output/runs/thesis-verification/evidence/metrics/jobs/5876563a5874ae38176a36ba033b1b11c5b0b9c5f677b5455c740745fae1d95e/result.json,0.8507067137809188,0.8458369179871277,0.8586796706807508,0.8499807178016466,2,1,0.0019800999871222302,single
128,543247,118.34144978498807,shd,True,cuda:0,,,,,0,"Recorded complete fit wall time, including extraction or cache loading and evaluation; feature reuse is explicit",0,"Peak isolated process RSS, including imported runtime, dataset metadata and fitted pipeline; not incremental model-only RAM",275639,70356,transformer,63.22887822604389,1838563,1347022848,12606be0ba1eeb61d0cb4574513a0faf62508f94eabbe4c69400022e7e226282,,practical:transformer,42,0.25710768000863027,False,False,4,Length-stratified development-confirmation subset; not official-test inference,86939136,113246208,output/runs/thesis-verification/evidence/metrics/jobs/5876563a5874ae38176a36ba033b1b11c5b0b9c5f677b5455c740745fae1d95e/result.json,0.8507067137809188,0.8458369179871277,0.8586796706807508,0.8499807178016466,2,64,0.01219359900278505,batch
128,543247,123.1051305780129,shd,True,cuda:0,,,,,0,"Recorded complete fit wall time, including extraction or cache loading and evaluation; feature reuse is explicit",0,"Peak isolated process RSS, including imported runtime, dataset metadata and fitted pipeline; not incremental model-only RAM",275676,70356,transformer,65.63693747601064,1838563,1347436544,c5ab54373489f3835b13dd256309cee0522933b7233edd9c0a143937983ba0d8,,practical:transformer,44,0.22290548200544436,False,False,4,Length-stratified development-confirmation subset; not official-test inference,86939136,113246208,output/runs/thesis-verification/evidence/metrics/jobs/384656ee15cc98a31155461a55ea6b2c3b7890e922086cfa662d566ba766d226/result.json,0.8352473498233216,0.8362242917197907,0.8561505313288086,0.8365683261449718,0,1,0.007506799011025578,single
128,543247,123.1051305780129,shd,True,cuda:0,,,,,0,"Recorded complete fit wall time, including extraction or cache loading and evaluation; feature reuse is explicit",0,"Peak isolated process RSS, including imported runtime, dataset metadata and fitted pipeline; not incremental model-only RAM",275676,70356,transformer,65.63693747601064,1838563,1347436544,c5ab54373489f3835b13dd256309cee0522933b7233edd9c0a143937983ba0d8,,practical:transformer,44,0.22290548200544436,False,False,4,Length-stratified development-confirmation subset; not official-test inference,86939136,113246208,output/runs/thesis-verification/evidence/metrics/jobs/384656ee15cc98a31155461a55ea6b2c3b7890e922086cfa662d566ba766d226/result.json,0.8352473498233216,0.8362242917197907,0.8561505313288086,0.8365683261449718,0,64,0.014722798994625919,batch
128,543247,123.1051305780129,shd,True,cuda:0,,,,,0,"Recorded complete fit wall time, including extraction or cache loading and evaluation; feature reuse is explicit",0,"Peak isolated process RSS, including imported runtime, dataset metadata and fitted pipeline; not incremental model-only RAM",275676,70356,transformer,65.63693747601064,1838563,1347436544,c5ab54373489f3835b13dd256309cee0522933b7233edd9c0a143937983ba0d8,,practical:transformer,44,0.22290548200544436,False,False,4,Length-stratified development-confirmation subset; not official-test inference,86939136,113246208,output/runs/thesis-verification/evidence/metrics/jobs/384656ee15cc98a31155461a55ea6b2c3b7890e922086cfa662d566ba766d226/result.json,0.8352473498233216,0.8362242917197907,0.8561505313288086,0.8365683261449718,1,1,0.002699899996514432,single
128,543247,123.1051305780129,shd,True,cuda:0,,,,,0,"Recorded complete fit wall time, including extraction or cache loading and evaluation; feature reuse is explicit",0,"Peak isolated process RSS, including imported runtime, dataset metadata and fitted pipeline; not incremental model-only RAM",275676,70356,transformer,65.63693747601064,1838563,1347436544,c5ab54373489f3835b13dd256309cee0522933b7233edd9c0a143937983ba0d8,,practical:transformer,44,0.22290548200544436,False,False,4,Length-stratified development-confirmation subset; not official-test inference,86939136,113246208,output/runs/thesis-verification/evidence/metrics/jobs/384656ee15cc98a31155461a55ea6b2c3b7890e922086cfa662d566ba766d226/result.json,0.8352473498233216,0.8362242917197907,0.8561505313288086,0.8365683261449718,1,64,0.014743899009772576,batch
128,543247,123.1051305780129,shd,True,cuda:0,,,,,0,"Recorded complete fit wall time, including extraction or cache loading and evaluation; feature reuse is explicit",0,"Peak isolated process RSS, including imported runtime, dataset metadata and fitted pipeline; not incremental model-only RAM",275676,70356,transformer,65.63693747601064,1838563,1347436544,c5ab54373489f3835b13dd256309cee0522933b7233edd9c0a143937983ba0d8,,practical:transformer,44,0.22290548200544436,False,False,4,Length-stratified development-confirmation subset; not official-test inference,86939136,113246208,output/runs/thesis-verification/evidence/metrics/jobs/384656ee15cc98a31155461a55ea6b2c3b7890e922086cfa662d566ba766d226/result.json,0.8352473498233216,0.8362242917197907,0.8561505313288086,0.8365683261449718,2,1,0.003244599007302895,single
128,543247,123.1051305780129,shd,True,cuda:0,,,,,0,"Recorded complete fit wall time, including extraction or cache loading and evaluation; feature reuse is explicit",0,"Peak isolated process RSS, including imported runtime, dataset metadata and fitted pipeline; not incremental model-only RAM",275676,70356,transformer,65.63693747601064,1838563,1347436544,c5ab54373489f3835b13dd256309cee0522933b7233edd9c0a143937983ba0d8,,practical:transformer,44,0.22290548200544436,False,False,4,Length-stratified development-confirmation subset; not official-test inference,86939136,113246208,output/runs/thesis-verification/evidence/metrics/jobs/384656ee15cc98a31155461a55ea6b2c3b7890e922086cfa662d566ba766d226/result.json,0.8352473498233216,0.8362242917197907,0.8561505313288086,0.8365683261449718,2,64,0.014974998994148336,batch
128,543247,125.764573663997,shd,True,cuda:0,,,,,0,"Recorded complete fit wall time, including extraction or cache loading and evaluation; feature reuse is explicit",0,"Peak isolated process RSS, including imported runtime, dataset metadata and fitted pipeline; not incremental model-only RAM",275694,70356,transformer,67.59313655205187,1838499,1347371008,2cdf7a4b91f12d941cbc8edc0bf88049147c6d94af80077224e1478a66464ff4,,practical:transformer,46,0.2103854860033607,False,False,4,Length-stratified development-confirmation subset; not official-test inference,86939136,113246208,output/runs/thesis-verification/evidence/metrics/jobs/e35193247b3948a98a6e46636f3aa31b83ffd80a099844a84e4a1775efcd3b13/result.json,0.7804770318021201,0.7825518341887269,0.8304185090698926,0.7808471387256716,0,1,0.0068980000069132075,single
128,543247,125.764573663997,shd,True,cuda:0,,,,,0,"Recorded complete fit wall time, including extraction or cache loading and evaluation; feature reuse is explicit",0,"Peak isolated process RSS, including imported runtime, dataset metadata and fitted pipeline; not incremental model-only RAM",275694,70356,transformer,67.59313655205187,1838499,1347371008,2cdf7a4b91f12d941cbc8edc0bf88049147c6d94af80077224e1478a66464ff4,,practical:transformer,46,0.2103854860033607,False,False,4,Length-stratified development-confirmation subset; not official-test inference,86939136,113246208,output/runs/thesis-verification/evidence/metrics/jobs/e35193247b3948a98a6e46636f3aa31b83ffd80a099844a84e4a1775efcd3b13/result.json,0.7804770318021201,0.7825518341887269,0.8304185090698926,0.7808471387256716,0,64,0.014014499000040814,batch
128,543247,125.764573663997,shd,True,cuda:0,,,,,0,"Recorded complete fit wall time, including extraction or cache loading and evaluation; feature reuse is explicit",0,"Peak isolated process RSS, including imported runtime, dataset metadata and fitted pipeline; not incremental model-only RAM",275694,70356,transformer,67.59313655205187,1838499,1347371008,2cdf7a4b91f12d941cbc8edc0bf88049147c6d94af80077224e1478a66464ff4,,practical:transformer,46,0.2103854860033607,False,False,4,Length-stratified development-confirmation subset; not official-test inference,86939136,113246208,output/runs/thesis-verification/evidence/metrics/jobs/e35193247b3948a98a6e46636f3aa31b83ffd80a099844a84e4a1775efcd3b13/result.json,0.7804770318021201,0.7825518341887269,0.8304185090698926,0.7808471387256716,1,1,0.0022887000086484477,single
128,543247,125.764573663997,shd,True,cuda:0,,,,,0,"Recorded complete fit wall time, including extraction or cache loading and evaluation; feature reuse is explicit",0,"Peak isolated process RSS, including imported runtime, dataset metadata and fitted pipeline; not incremental model-only RAM",275694,70356,transformer,67.59313655205187,1838499,1347371008,2cdf7a4b91f12d941cbc8edc0bf88049147c6d94af80077224e1478a66464ff4,,practical:transformer,46,0.2103854860033607,False,False,4,Length-stratified development-confirmation subset; not official-test inference,86939136,113246208,output/runs/thesis-verification/evidence/metrics/jobs/e35193247b3948a98a6e46636f3aa31b83ffd80a099844a84e4a1775efcd3b13/result.json,0.7804770318021201,0.7825518341887269,0.8304185090698926,0.7808471387256716,1,64,0.011882099002832547,batch
128,543247,125.764573663997,shd,True,cuda:0,,,,,0,"Recorded complete fit wall time, including extraction or cache loading and evaluation; feature reuse is explicit",0,"Peak isolated process RSS, including imported runtime, dataset metadata and fitted pipeline; not incremental model-only RAM",275694,70356,transformer,67.59313655205187,1838499,1347371008,2cdf7a4b91f12d941cbc8edc0bf88049147c6d94af80077224e1478a66464ff4,,practical:transformer,46,0.2103854860033607,False,False,4,Length-stratified development-confirmation subset; not official-test inference,86939136,113246208,output/runs/thesis-verification/evidence/metrics/jobs/e35193247b3948a98a6e46636f3aa31b83ffd80a099844a84e4a1775efcd3b13/result.json,0.7804770318021201,0.7825518341887269,0.8304185090698926,0.7808471387256716,2,1,0.0023086000001057982,single
128,543247,125.764573663997,shd,True,cuda:0,,,,,0,"Recorded complete fit wall time, including extraction or cache loading and evaluation; feature reuse is explicit",0,"Peak isolated process RSS, including imported runtime, dataset metadata and fitted pipeline; not incremental model-only RAM",275694,70356,transformer,67.59313655205187,1838499,1347371008,2cdf7a4b91f12d941cbc8edc0bf88049147c6d94af80077224e1478a66464ff4,,practical:transformer,46,0.2103854860033607,False,False,4,Length-stratified development-confirmation subset; not official-test inference,86939136,113246208,output/runs/thesis-verification/evidence/metrics/jobs/e35193247b3948a98a6e46636f3aa31b83ffd80a099844a84e4a1775efcd3b13/result.json,0.7804770318021201,0.7825518341887269,0.8304185090698926,0.7808471387256716,2,64,0.011844299995573238,batch
