dataset,model,seed,device,fitting_mode,fit_seconds,inference_seconds_per_example,inference_repeat_sd,storage_mib,host_peak_mib,gpu_allocated_mib,features_reused,pipeline,test_status,accuracy,macro_f1,macro_precision,macro_recall
dvs,crc,42,cpu,cached features,0.4618786339997314,0.00335842251562705,8.772853189603263e-05,0.7858362197875977,823.515625,,True,3107b827a73147b32d72c2dca0ee20ec7fa681696cc110a9df9866ef2caeb7c5,completed,0.8863636363636364,0.8873187648546018,0.892023229825465,0.8863636363636362
dvs,crc,44,cpu,cached features,0.36571541299053933,0.003236132880222916,0.00013787988129377668,0.7848739624023438,822.33984375,,True,1f0c7ae51fd8554c57c8d2e7152d1fd717c272e16e0b495fd0adb0111d493e17,completed,0.8939393939393939,0.893525122834204,0.8969200569595824,0.8939393939393938
dvs,crc,46,cpu,cached features,0.31492925800012017,0.003336892817666618,9.820900663250171e-05,0.7847213745117188,821.08203125,,True,f64adb6d36e13e172b09837029eb8695d6909bf5a6e9a366cbdc81226705b9f3,completed,0.8636363636363636,0.8628218584025451,0.8707744188935411,0.8636363636363636
dvs,lstm,42,cuda:0,recorded fit; see measurement boundaries,80.36051620599756,0.0004862562448124663,0.0001363013925370801,0.4732198715209961,1229.7890625,239.6513671875,,ba936172fe43b2aedc6e1f4886049c9528c610660ff2a81e15c0599c01d834e8,completed,0.803030303030303,0.7950017858790525,0.8180885269887828,0.8030303030303031
dvs,lstm,44,cuda:0,recorded fit; see measurement boundaries,79.29803064800217,0.0004980687604074774,0.00013246926408513678,0.47332286834716797,1229.75390625,239.6513671875,,ad58f3150f615f327462cb02d4c49765ea95bcf071b5bd3f9d6f6d254e70c3fb,completed,0.8181818181818182,0.8112350046901144,0.8380734542667215,0.8181818181818182
dvs,lstm,46,cuda:0,recorded fit; see measurement boundaries,78.79572217600071,0.00044019897920103784,6.955633519472369e-05,0.4732513427734375,1229.8984375,239.6513671875,,75f0d8cb962bb697708834ba6075800be50470acf40c0091ed1d40e339f9b5ff,completed,0.8106060606060606,0.8076245165952552,0.8247853595679682,0.8106060606060606
dvs,transformer,42,cuda:0,recorded fit; see measurement boundaries,46.85306487699563,0.0005820557447956768,0.00015727625676404102,0.28170204162597656,1294.48046875,187.80419921875,,d4a2f36747dbb9ff247a3e53128bc8d3128cdf9ac95410a5c28938e54db1937e,completed,0.8181818181818182,0.8187119905319413,0.830706822859933,0.8181818181818182
dvs,transformer,44,cuda:0,recorded fit; see measurement boundaries,47.23413307199371,0.0004650386353356832,4.1705402051625975e-05,0.28170299530029297,1294.34375,187.80419921875,,78b79d6dd33651b8ed48458badd294c242a0c4d7535fe3ec6cd85fba17f180d1,completed,0.821969696969697,0.8190584430439856,0.8271319752799706,0.8219696969696969
dvs,transformer,46,cuda:0,recorded fit; see measurement boundaries,50.45828393500415,0.0004902381197098293,7.83262049666368e-05,0.2815723419189453,1294.796875,187.80419921875,,1bb45875078f9644ab1dbf79bb0d6f7f1e0bf753905c47857aaeab3872b7b2d5,completed,0.8143939393939394,0.8145008929548913,0.8200053469171422,0.8143939393939393
shd,crc,42,cpu,cached features,4.792805627000234,0.0019904120780817416,0.00012968912937870157,1.029012680053711,775.80078125,,True,1513ac3329e56e03521239fe725f4ba2b69ee1b26dac12aa659e9a6b5ac4966c,completed,0.833922261484099,0.8303528306681134,0.8494956383919389,0.8359268050344651
shd,crc,44,cpu,cached features,5.146547330999965,0.0018521943593441392,0.00015408247229771176,1.0293893814086914,776.3125,,True,b4355969ffce08afedbc8a2f7fc05c3889e5fafb2e92f3d8da720ff445ae895d,completed,0.8423144876325088,0.8414692336001176,0.8621504170219195,0.8442550612262174
shd,crc,46,cpu,cached features,5.0932708109976375,0.002018861442744916,0.0002073028641198545,1.0296592712402344,775.765625,,True,9d60006936c8af59e2946701aeb7acfffeb8eddc5bbc1659116dc481df5c59f1,completed,0.8330388692579506,0.8323828992771931,0.8587458167363102,0.8337402461770071
shd,lstm,42,cuda:0,recorded fit; see measurement boundaries,219.87640790001024,0.00022588165628197507,4.81582987917853e-05,0.3065528869628906,1220.8125,136.61767578125,,b4602b72c8ed971e7fdc56145172bd82a0f4d63cb71330b7de7fda3b5581e3f7,completed,0.8723498233215548,0.8639042049852016,0.8845610958264561,0.8734052317045654
shd,lstm,44,cuda:0,recorded fit; see measurement boundaries,218.2131374669989,0.00016809371353095534,4.581138142560656e-05,0.3066082000732422,1220.578125,136.61767578125,,fb82220811e62f5a589a8b3c66295c976101162b4c3aa08988b59061b3c7d461,completed,0.8409893992932862,0.8335759006583094,0.8590344868221212,0.8377302826755388
shd,lstm,46,cuda:0,recorded fit; see measurement boundaries,237.66612402100873,0.0002115103697330293,3.852109464112545e-05,0.30646324157714844,1220.3671875,136.61767578125,,ce1c5f8d5af41c4369ce22a7d4e0bb493651eb87ac05c0f5bb2b1f32f45943d2,completed,0.859982332155477,0.8578593538834717,0.873884590139658,0.8584738369342888
shd,transformer,42,cuda:0,recorded fit; see measurement boundaries,118.34144978498807,0.00018685154683832175,1.0612276535443066e-05,0.26286983489990234,1284.62109375,82.91162109375,,12606be0ba1eeb61d0cb4574513a0faf62508f94eabbe4c69400022e7e226282,completed,0.8507067137809188,0.8458369179871277,0.8586796706807508,0.8499807178016466
shd,transformer,44,cuda:0,recorded fit; see measurement boundaries,123.1051305780129,0.0002314671718674314,2.186171966450362e-06,0.2629051208496094,1285.015625,82.91162109375,,c5ab54373489f3835b13dd256309cee0522933b7233edd9c0a143937983ba0d8,completed,0.8352473498233216,0.8362242917197907,0.8561505313288086,0.8365683261449718
shd,transformer,46,cuda:0,recorded fit; see measurement boundaries,125.764573663997,0.0001965671770752427,1.940933012831966e-05,0.2629222869873047,1284.953125,82.91162109375,,2cdf7a4b91f12d941cbc8edc0bf88049147c6d94af80077224e1478a66464ff4,completed,0.7804770318021201,0.7825518341887269,0.8304185090698926,0.7808471387256716
