dataset,role,model,inputs,qubits,memory_qubits,classical_units,depth,encoding,interaction,reset,uploads_per_step,rotations_per_step,cz_per_step,observation,sequential_features,readout_features,readout_parameters,local_measurement_bases,finite_shot_accuracy,hardware_note
dvs,comparison:fixed12:q4-i2-crc,crc,2,,,12,,same numerical probability stream,fixed recurrent matrix,partial,1,,,all,12,108,1199,,not applicable,Classical recurrent state and fixed weights
dvs,comparison:fixed12:q4-i2-qrc,qrc,2,4,2,,3,amplitude probabilities,CZ ring,partial,1,26,12,fixed12,12,108,1199,3,unmeasured,Exact expectations omit disturbance and shot noise; hardware requires repeated preparations; ZZ uses the Z basis
dvs,comparison:fixed12:q6-i2-crc,crc,2,,,12,,same numerical probability stream,fixed recurrent matrix,partial,1,,,all,12,108,1199,,not applicable,Classical recurrent state and fixed weights
dvs,comparison:fixed12:q6-i2-qrc,qrc,2,6,4,,3,amplitude probabilities,CZ ring,partial,1,38,18,fixed12,12,108,1199,3,unmeasured,Exact expectations omit disturbance and shot noise; hardware requires repeated preparations; ZZ uses the Z basis
dvs,comparison:fixed12:q6-i4-crc,crc,4,,,12,,same numerical probability stream,fixed recurrent matrix,partial,1,,,all,12,108,1199,,not applicable,Classical recurrent state and fixed weights
dvs,comparison:fixed12:q6-i4-qrc,qrc,4,6,2,,3,amplitude probabilities,CZ ring,partial,1,40,18,fixed12,12,108,1199,3,unmeasured,Exact expectations omit disturbance and shot noise; hardware requires repeated preparations; ZZ uses the Z basis
dvs,comparison:fixed12:q8-i2-crc,crc,2,,,12,,same numerical probability stream,fixed recurrent matrix,partial,1,,,all,12,108,1199,,not applicable,Classical recurrent state and fixed weights
dvs,comparison:fixed12:q8-i2-qrc,qrc,2,8,6,,3,amplitude probabilities,CZ ring,partial,1,50,24,fixed12,12,108,1199,3,unmeasured,Exact expectations omit disturbance and shot noise; hardware requires repeated preparations; ZZ uses the Z basis
dvs,comparison:fixed12:q8-i4-crc,crc,4,,,12,,same numerical probability stream,fixed recurrent matrix,partial,1,,,all,12,108,1199,,not applicable,Classical recurrent state and fixed weights
dvs,comparison:fixed12:q8-i4-qrc,qrc,4,8,4,,3,amplitude probabilities,CZ ring,partial,1,52,24,fixed12,12,108,1199,3,unmeasured,Exact expectations omit disturbance and shot noise; hardware requires repeated preparations; ZZ uses the Z basis
dvs,comparison:fixed12:q8-i6-crc,crc,6,,,12,,same numerical probability stream,fixed recurrent matrix,partial,1,,,all,12,108,1199,,not applicable,Classical recurrent state and fixed weights
dvs,comparison:fixed12:q8-i6-qrc,qrc,6,8,2,,3,amplitude probabilities,CZ ring,partial,1,54,24,fixed12,12,108,1199,3,unmeasured,Exact expectations omit disturbance and shot noise; hardware requires repeated preparations; ZZ uses the Z basis
dvs,comparison:fixed:q4-i2-crc,crc,2,,,12,,same numerical probability stream,fixed recurrent matrix,partial,1,,,all,12,108,1199,,not applicable,Classical recurrent state and fixed weights
dvs,comparison:fixed:q4-i2-qrc,qrc,2,4,2,,3,amplitude probabilities,CZ ring,partial,1,26,12,all,12,108,1199,3,unmeasured,Exact expectations omit disturbance and shot noise; hardware requires repeated preparations; ZZ uses the Z basis
dvs,comparison:fixed:q6-i2-crc,crc,2,,,18,,same numerical probability stream,fixed recurrent matrix,partial,1,,,all,18,162,1793,,not applicable,Classical recurrent state and fixed weights
dvs,comparison:fixed:q6-i2-qrc,qrc,2,6,4,,3,amplitude probabilities,CZ ring,partial,1,38,18,all,18,162,1793,3,unmeasured,Exact expectations omit disturbance and shot noise; hardware requires repeated preparations; ZZ uses the Z basis
dvs,comparison:fixed:q6-i4-crc,crc,4,,,18,,same numerical probability stream,fixed recurrent matrix,partial,1,,,all,18,162,1793,,not applicable,Classical recurrent state and fixed weights
dvs,comparison:fixed:q6-i4-qrc,qrc,4,6,2,,3,amplitude probabilities,CZ ring,partial,1,40,18,all,18,162,1793,3,unmeasured,Exact expectations omit disturbance and shot noise; hardware requires repeated preparations; ZZ uses the Z basis
dvs,comparison:fixed:q8-i2-crc,crc,2,,,24,,same numerical probability stream,fixed recurrent matrix,partial,1,,,all,24,216,2387,,not applicable,Classical recurrent state and fixed weights
dvs,comparison:fixed:q8-i2-qrc,qrc,2,8,6,,3,amplitude probabilities,CZ ring,partial,1,50,24,all,24,216,2387,3,unmeasured,Exact expectations omit disturbance and shot noise; hardware requires repeated preparations; ZZ uses the Z basis
dvs,comparison:fixed:q8-i4-crc,crc,4,,,24,,same numerical probability stream,fixed recurrent matrix,partial,1,,,all,24,216,2387,,not applicable,Classical recurrent state and fixed weights
dvs,comparison:fixed:q8-i4-qrc,qrc,4,8,4,,3,amplitude probabilities,CZ ring,partial,1,52,24,all,24,216,2387,3,unmeasured,Exact expectations omit disturbance and shot noise; hardware requires repeated preparations; ZZ uses the Z basis
dvs,comparison:fixed:q8-i6-crc,crc,6,,,24,,same numerical probability stream,fixed recurrent matrix,partial,1,,,all,24,216,2387,,not applicable,Classical recurrent state and fixed weights
dvs,comparison:fixed:q8-i6-qrc,qrc,6,8,2,,3,amplitude probabilities,CZ ring,partial,1,54,24,all,24,216,2387,3,unmeasured,Exact expectations omit disturbance and shot noise; hardware requires repeated preparations; ZZ uses the Z basis
dvs,comparison:tuned:q4-i2-crc,crc,2,,,12,,same numerical probability stream,fixed recurrent matrix,partial,1,,,all,12,108,1199,,not applicable,Classical recurrent state and fixed weights
dvs,comparison:tuned:q4-i2-qrc,qrc,2,4,2,,2,amplitude probabilities,CZ ring,partial,1,18,8,all,12,108,1199,3,unmeasured,Exact expectations omit disturbance and shot noise; hardware requires repeated preparations; ZZ uses the Z basis
dvs,comparison:tuned:q6-i2-crc,crc,2,,,18,,same numerical probability stream,fixed recurrent matrix,partial,1,,,all,18,162,1793,,not applicable,Classical recurrent state and fixed weights
dvs,comparison:tuned:q6-i2-qrc,qrc,2,6,4,,3,amplitude probabilities,CZ ring,partial,1,38,18,all,18,162,1793,3,unmeasured,Exact expectations omit disturbance and shot noise; hardware requires repeated preparations; ZZ uses the Z basis
dvs,comparison:tuned:q6-i4-crc,crc,4,,,18,,same numerical probability stream,fixed recurrent matrix,partial,1,,,all,18,162,1793,,not applicable,Classical recurrent state and fixed weights
dvs,comparison:tuned:q6-i4-qrc,qrc,4,6,2,,3,amplitude probabilities,CZ ring,partial,1,40,18,all,18,162,1793,3,unmeasured,Exact expectations omit disturbance and shot noise; hardware requires repeated preparations; ZZ uses the Z basis
dvs,comparison:tuned:q8-i2-crc,crc,2,,,24,,same numerical probability stream,fixed recurrent matrix,partial,1,,,all,24,216,2387,,not applicable,Classical recurrent state and fixed weights
dvs,comparison:tuned:q8-i2-qrc,qrc,2,8,6,,3,amplitude probabilities,CZ ring,partial,1,50,24,all,24,216,2387,3,unmeasured,Exact expectations omit disturbance and shot noise; hardware requires repeated preparations; ZZ uses the Z basis
dvs,comparison:tuned:q8-i4-crc,crc,4,,,24,,same numerical probability stream,fixed recurrent matrix,partial,1,,,all,24,216,2387,,not applicable,Classical recurrent state and fixed weights
dvs,comparison:tuned:q8-i4-qrc,qrc,4,8,4,,3,amplitude probabilities,CZ ring,partial,1,52,24,all,24,216,2387,3,unmeasured,Exact expectations omit disturbance and shot noise; hardware requires repeated preparations; ZZ uses the Z basis
dvs,comparison:tuned:q8-i6-crc,crc,6,,,24,,same numerical probability stream,fixed recurrent matrix,partial,1,,,all,24,216,2387,,not applicable,Classical recurrent state and fixed weights
dvs,comparison:tuned:q8-i6-qrc,qrc,6,8,2,,3,amplitude probabilities,CZ ring,partial,1,54,24,all,24,216,2387,3,unmeasured,Exact expectations omit disturbance and shot noise; hardware requires repeated preparations; ZZ uses the Z basis
dvs,mapping-paired:i2:legacy:crc,crc,2,,,18,,same numerical probability stream,fixed recurrent matrix,partial,1,,,all,18,162,1793,,not applicable,Classical recurrent state and fixed weights
dvs,mapping-paired:i2:legacy:qrc,qrc,2,6,4,,1,amplitude probabilities,CZ ring,partial,1,14,6,all,18,162,1793,3,unmeasured,Exact expectations omit disturbance and shot noise; hardware requires repeated preparations; ZZ uses the Z basis
dvs,mapping-paired:i2:pca:crc,crc,2,,,18,,same numerical probability stream,fixed recurrent matrix,partial,1,,,all,18,162,1793,,not applicable,Classical recurrent state and fixed weights
dvs,mapping-paired:i2:pca:qrc,qrc,2,6,4,,1,amplitude probabilities,CZ ring,partial,1,14,6,all,18,162,1793,3,unmeasured,Exact expectations omit disturbance and shot noise; hardware requires repeated preparations; ZZ uses the Z basis
dvs,mapping-paired:i4:legacy:crc,crc,4,,,18,,same numerical probability stream,fixed recurrent matrix,partial,1,,,all,18,162,1793,,not applicable,Classical recurrent state and fixed weights
dvs,mapping-paired:i4:legacy:qrc,qrc,4,6,2,,1,amplitude probabilities,CZ ring,partial,1,16,6,all,18,162,1793,3,unmeasured,Exact expectations omit disturbance and shot noise; hardware requires repeated preparations; ZZ uses the Z basis
dvs,mapping-paired:i4:pca:crc,crc,4,,,18,,same numerical probability stream,fixed recurrent matrix,partial,1,,,all,18,162,1793,,not applicable,Classical recurrent state and fixed weights
dvs,mapping-paired:i4:pca:qrc,qrc,4,6,2,,1,amplitude probabilities,CZ ring,partial,1,16,6,all,18,162,1793,3,unmeasured,Exact expectations omit disturbance and shot noise; hardware requires repeated preparations; ZZ uses the Z basis
dvs,mapping-robustness:i2:legacy:crc:p42,crc,2,,,18,,same numerical probability stream,fixed recurrent matrix,partial,1,,,all,18,162,1793,,not applicable,Classical recurrent state and fixed weights
dvs,mapping-robustness:i2:legacy:crc:p44,crc,2,,,18,,same numerical probability stream,fixed recurrent matrix,partial,1,,,all,18,162,1793,,not applicable,Classical recurrent state and fixed weights
dvs,mapping-robustness:i2:legacy:crc:p46,crc,2,,,18,,same numerical probability stream,fixed recurrent matrix,partial,1,,,all,18,162,1793,,not applicable,Classical recurrent state and fixed weights
dvs,mapping-robustness:i2:legacy:qrc:p42,qrc,2,6,4,,1,amplitude probabilities,CZ ring,partial,1,14,6,all,18,162,1793,3,unmeasured,Exact expectations omit disturbance and shot noise; hardware requires repeated preparations; ZZ uses the Z basis
dvs,mapping-robustness:i2:legacy:qrc:p44,qrc,2,6,4,,1,amplitude probabilities,CZ ring,partial,1,14,6,all,18,162,1793,3,unmeasured,Exact expectations omit disturbance and shot noise; hardware requires repeated preparations; ZZ uses the Z basis
dvs,mapping-robustness:i2:legacy:qrc:p46,qrc,2,6,4,,1,amplitude probabilities,CZ ring,partial,1,14,6,all,18,162,1793,3,unmeasured,Exact expectations omit disturbance and shot noise; hardware requires repeated preparations; ZZ uses the Z basis
dvs,mapping-robustness:i4:legacy:crc:p42,crc,4,,,18,,same numerical probability stream,fixed recurrent matrix,partial,1,,,all,18,162,1793,,not applicable,Classical recurrent state and fixed weights
dvs,mapping-robustness:i4:legacy:crc:p44,crc,4,,,18,,same numerical probability stream,fixed recurrent matrix,partial,1,,,all,18,162,1793,,not applicable,Classical recurrent state and fixed weights
dvs,mapping-robustness:i4:legacy:crc:p46,crc,4,,,18,,same numerical probability stream,fixed recurrent matrix,partial,1,,,all,18,162,1793,,not applicable,Classical recurrent state and fixed weights
dvs,mapping-robustness:i4:legacy:qrc:p42,qrc,4,6,2,,1,amplitude probabilities,CZ ring,partial,1,16,6,all,18,162,1793,3,unmeasured,Exact expectations omit disturbance and shot noise; hardware requires repeated preparations; ZZ uses the Z basis
dvs,mapping-robustness:i4:legacy:qrc:p44,qrc,4,6,2,,1,amplitude probabilities,CZ ring,partial,1,16,6,all,18,162,1793,3,unmeasured,Exact expectations omit disturbance and shot noise; hardware requires repeated preparations; ZZ uses the Z basis
dvs,mapping-robustness:i4:legacy:qrc:p46,qrc,4,6,2,,1,amplitude probabilities,CZ ring,partial,1,16,6,all,18,162,1793,3,unmeasured,Exact expectations omit disturbance and shot noise; hardware requires repeated preparations; ZZ uses the Z basis
dvs,observations:crc2:all,crc,2,,,18,,same numerical probability stream,fixed recurrent matrix,partial,1,,,all,18,162,1793,,not applicable,Classical recurrent state and fixed weights
dvs,observations:crc2:products,crc,2,,,18,,same numerical probability stream,fixed recurrent matrix,partial,1,,,products,24,216,2387,,not applicable,Classical recurrent state and fixed weights
dvs,observations:crc2:width24,crc,2,,,24,,same numerical probability stream,fixed recurrent matrix,partial,1,,,all,24,216,2387,,not applicable,Classical recurrent state and fixed weights
dvs,observations:crc4:all,crc,4,,,18,,same numerical probability stream,fixed recurrent matrix,partial,1,,,all,18,162,1793,,not applicable,Classical recurrent state and fixed weights
dvs,observations:crc4:products,crc,4,,,18,,same numerical probability stream,fixed recurrent matrix,partial,1,,,products,24,216,2387,,not applicable,Classical recurrent state and fixed weights
dvs,observations:crc4:width24,crc,4,,,24,,same numerical probability stream,fixed recurrent matrix,partial,1,,,all,24,216,2387,,not applicable,Classical recurrent state and fixed weights
dvs,observations:qrc2:all,qrc,2,6,4,,3,amplitude probabilities,CZ ring,partial,1,38,18,all,18,162,1793,3,unmeasured,Exact expectations omit disturbance and shot noise; hardware requires repeated preparations; ZZ uses the Z basis
dvs,observations:qrc2:products,qrc,2,6,4,,3,amplitude probabilities,CZ ring,partial,1,38,18,products,24,216,2387,3,unmeasured,Exact expectations omit disturbance and shot noise; hardware requires repeated preparations; ZZ uses the Z basis
dvs,observations:qrc2:zz,qrc,2,6,4,,3,amplitude probabilities,CZ ring,partial,1,38,18,zz,24,216,2387,3,unmeasured,Exact expectations omit disturbance and shot noise; hardware requires repeated preparations; ZZ uses the Z basis
dvs,observations:qrc4:all,qrc,4,6,2,,3,amplitude probabilities,CZ ring,partial,1,40,18,all,18,162,1793,3,unmeasured,Exact expectations omit disturbance and shot noise; hardware requires repeated preparations; ZZ uses the Z basis
dvs,observations:qrc4:products,qrc,4,6,2,,3,amplitude probabilities,CZ ring,partial,1,40,18,products,24,216,2387,3,unmeasured,Exact expectations omit disturbance and shot noise; hardware requires repeated preparations; ZZ uses the Z basis
dvs,observations:qrc4:zz,qrc,4,6,2,,3,amplitude probabilities,CZ ring,partial,1,40,18,zz,24,216,2387,3,unmeasured,Exact expectations omit disturbance and shot noise; hardware requires repeated preparations; ZZ uses the Z basis
dvs,recurrence:crc:all,crc,4,,,18,,same numerical probability stream,fixed recurrent matrix,all,1,,,all,18,162,1793,,not applicable,Classical recurrent state and fixed weights
dvs,recurrence:crc:partial,crc,4,,,18,,same numerical probability stream,fixed recurrent matrix,partial,1,,,all,18,162,1793,,not applicable,Classical recurrent state and fixed weights
dvs,recurrence:qrc:all,qrc,4,6,2,,3,amplitude probabilities,CZ ring,all,1,40,18,all,18,162,1793,3,unmeasured,Exact expectations omit disturbance and shot noise; hardware requires repeated preparations; ZZ uses the Z basis
dvs,recurrence:qrc:partial,qrc,4,6,2,,3,amplitude probabilities,CZ ring,partial,1,40,18,all,18,162,1793,3,unmeasured,Exact expectations omit disturbance and shot noise; hardware requires repeated preparations; ZZ uses the Z basis
shd,comparison:fixed12:q4-i2-crc,crc,2,,,12,,same numerical probability stream,fixed recurrent matrix,partial,1,,,all,12,204,4100,,not applicable,Classical recurrent state and fixed weights
shd,comparison:fixed12:q4-i2-qrc,qrc,2,4,2,,1,amplitude probabilities,CZ ring,partial,1,10,4,fixed12,12,204,4100,3,unmeasured,Exact expectations omit disturbance and shot noise; hardware requires repeated preparations; ZZ uses the Z basis
shd,comparison:fixed12:q6-i2-crc,crc,2,,,12,,same numerical probability stream,fixed recurrent matrix,partial,1,,,all,12,204,4100,,not applicable,Classical recurrent state and fixed weights
shd,comparison:fixed12:q6-i2-qrc,qrc,2,6,4,,1,amplitude probabilities,CZ ring,partial,1,14,6,fixed12,12,204,4100,3,unmeasured,Exact expectations omit disturbance and shot noise; hardware requires repeated preparations; ZZ uses the Z basis
shd,comparison:fixed12:q6-i4-crc,crc,4,,,12,,same numerical probability stream,fixed recurrent matrix,partial,1,,,all,12,204,4100,,not applicable,Classical recurrent state and fixed weights
shd,comparison:fixed12:q6-i4-qrc,qrc,4,6,2,,1,amplitude probabilities,CZ ring,partial,1,16,6,fixed12,12,204,4100,3,unmeasured,Exact expectations omit disturbance and shot noise; hardware requires repeated preparations; ZZ uses the Z basis
shd,comparison:fixed12:q8-i2-crc,crc,2,,,12,,same numerical probability stream,fixed recurrent matrix,partial,1,,,all,12,204,4100,,not applicable,Classical recurrent state and fixed weights
shd,comparison:fixed12:q8-i2-qrc,qrc,2,8,6,,1,amplitude probabilities,CZ ring,partial,1,18,8,fixed12,12,204,4100,3,unmeasured,Exact expectations omit disturbance and shot noise; hardware requires repeated preparations; ZZ uses the Z basis
shd,comparison:fixed12:q8-i4-crc,crc,4,,,12,,same numerical probability stream,fixed recurrent matrix,partial,1,,,all,12,204,4100,,not applicable,Classical recurrent state and fixed weights
shd,comparison:fixed12:q8-i4-qrc,qrc,4,8,4,,1,amplitude probabilities,CZ ring,partial,1,20,8,fixed12,12,204,4100,3,unmeasured,Exact expectations omit disturbance and shot noise; hardware requires repeated preparations; ZZ uses the Z basis
shd,comparison:fixed12:q8-i6-crc,crc,6,,,12,,same numerical probability stream,fixed recurrent matrix,partial,1,,,all,12,204,4100,,not applicable,Classical recurrent state and fixed weights
shd,comparison:fixed12:q8-i6-qrc,qrc,6,8,2,,1,amplitude probabilities,CZ ring,partial,1,22,8,fixed12,12,204,4100,3,unmeasured,Exact expectations omit disturbance and shot noise; hardware requires repeated preparations; ZZ uses the Z basis
shd,comparison:fixed:q4-i2-crc,crc,2,,,12,,same numerical probability stream,fixed recurrent matrix,partial,1,,,all,12,204,4100,,not applicable,Classical recurrent state and fixed weights
shd,comparison:fixed:q4-i2-qrc,qrc,2,4,2,,1,amplitude probabilities,CZ ring,partial,1,10,4,all,12,204,4100,3,unmeasured,Exact expectations omit disturbance and shot noise; hardware requires repeated preparations; ZZ uses the Z basis
shd,comparison:fixed:q6-i2-crc,crc,2,,,18,,same numerical probability stream,fixed recurrent matrix,partial,1,,,all,18,306,6140,,not applicable,Classical recurrent state and fixed weights
shd,comparison:fixed:q6-i2-qrc,qrc,2,6,4,,1,amplitude probabilities,CZ ring,partial,1,14,6,all,18,306,6140,3,unmeasured,Exact expectations omit disturbance and shot noise; hardware requires repeated preparations; ZZ uses the Z basis
shd,comparison:fixed:q6-i4-crc,crc,4,,,18,,same numerical probability stream,fixed recurrent matrix,partial,1,,,all,18,306,6140,,not applicable,Classical recurrent state and fixed weights
shd,comparison:fixed:q6-i4-qrc,qrc,4,6,2,,1,amplitude probabilities,CZ ring,partial,1,16,6,all,18,306,6140,3,unmeasured,Exact expectations omit disturbance and shot noise; hardware requires repeated preparations; ZZ uses the Z basis
shd,comparison:fixed:q8-i2-crc,crc,2,,,24,,same numerical probability stream,fixed recurrent matrix,partial,1,,,all,24,408,8180,,not applicable,Classical recurrent state and fixed weights
shd,comparison:fixed:q8-i2-qrc,qrc,2,8,6,,1,amplitude probabilities,CZ ring,partial,1,18,8,all,24,408,8180,3,unmeasured,Exact expectations omit disturbance and shot noise; hardware requires repeated preparations; ZZ uses the Z basis
shd,comparison:fixed:q8-i4-crc,crc,4,,,24,,same numerical probability stream,fixed recurrent matrix,partial,1,,,all,24,408,8180,,not applicable,Classical recurrent state and fixed weights
shd,comparison:fixed:q8-i4-qrc,qrc,4,8,4,,1,amplitude probabilities,CZ ring,partial,1,20,8,all,24,408,8180,3,unmeasured,Exact expectations omit disturbance and shot noise; hardware requires repeated preparations; ZZ uses the Z basis
shd,comparison:fixed:q8-i6-crc,crc,6,,,24,,same numerical probability stream,fixed recurrent matrix,partial,1,,,all,24,408,8180,,not applicable,Classical recurrent state and fixed weights
shd,comparison:fixed:q8-i6-qrc,qrc,6,8,2,,1,amplitude probabilities,CZ ring,partial,1,22,8,all,24,408,8180,3,unmeasured,Exact expectations omit disturbance and shot noise; hardware requires repeated preparations; ZZ uses the Z basis
shd,comparison:tuned:q4-i2-crc,crc,2,,,12,,same numerical probability stream,fixed recurrent matrix,partial,1,,,all,12,204,4100,,not applicable,Classical recurrent state and fixed weights
shd,comparison:tuned:q4-i2-qrc,qrc,2,4,2,,2,amplitude probabilities,CZ ring,partial,1,18,8,all,12,204,4100,3,unmeasured,Exact expectations omit disturbance and shot noise; hardware requires repeated preparations; ZZ uses the Z basis
shd,comparison:tuned:q6-i2-crc,crc,2,,,18,,same numerical probability stream,fixed recurrent matrix,partial,1,,,all,18,306,6140,,not applicable,Classical recurrent state and fixed weights
shd,comparison:tuned:q6-i2-crc:n=2000,crc,2,,,18,,same numerical probability stream,fixed recurrent matrix,partial,1,,,all,18,306,6140,,not applicable,Classical recurrent state and fixed weights
shd,comparison:tuned:q6-i2-crc:n=600,crc,2,,,18,,same numerical probability stream,fixed recurrent matrix,partial,1,,,all,18,306,6140,,not applicable,Classical recurrent state and fixed weights
shd,comparison:tuned:q6-i2-crc:n=full,crc,2,,,18,,same numerical probability stream,fixed recurrent matrix,partial,1,,,all,18,306,6140,,not applicable,Classical recurrent state and fixed weights
shd,comparison:tuned:q6-i2-qrc,qrc,2,6,4,,3,amplitude probabilities,CZ ring,partial,1,38,18,all,18,306,6140,3,unmeasured,Exact expectations omit disturbance and shot noise; hardware requires repeated preparations; ZZ uses the Z basis
shd,comparison:tuned:q6-i2-qrc:n=2000,qrc,2,6,4,,3,amplitude probabilities,CZ ring,partial,1,38,18,all,18,306,6140,3,unmeasured,Exact expectations omit disturbance and shot noise; hardware requires repeated preparations; ZZ uses the Z basis
shd,comparison:tuned:q6-i2-qrc:n=600,qrc,2,6,4,,3,amplitude probabilities,CZ ring,partial,1,38,18,all,18,306,6140,3,unmeasured,Exact expectations omit disturbance and shot noise; hardware requires repeated preparations; ZZ uses the Z basis
shd,comparison:tuned:q6-i2-qrc:n=full,qrc,2,6,4,,3,amplitude probabilities,CZ ring,partial,1,38,18,all,18,306,6140,3,unmeasured,Exact expectations omit disturbance and shot noise; hardware requires repeated preparations; ZZ uses the Z basis
shd,comparison:tuned:q6-i4-crc,crc,4,,,18,,same numerical probability stream,fixed recurrent matrix,partial,1,,,all,18,306,6140,,not applicable,Classical recurrent state and fixed weights
shd,comparison:tuned:q6-i4-crc:n=2000,crc,4,,,18,,same numerical probability stream,fixed recurrent matrix,partial,1,,,all,18,306,6140,,not applicable,Classical recurrent state and fixed weights
shd,comparison:tuned:q6-i4-crc:n=600,crc,4,,,18,,same numerical probability stream,fixed recurrent matrix,partial,1,,,all,18,306,6140,,not applicable,Classical recurrent state and fixed weights
shd,comparison:tuned:q6-i4-crc:n=full,crc,4,,,18,,same numerical probability stream,fixed recurrent matrix,partial,1,,,all,18,306,6140,,not applicable,Classical recurrent state and fixed weights
shd,comparison:tuned:q6-i4-qrc,qrc,4,6,2,,2,amplitude probabilities,CZ ring,partial,1,28,12,all,18,306,6140,3,unmeasured,Exact expectations omit disturbance and shot noise; hardware requires repeated preparations; ZZ uses the Z basis
shd,comparison:tuned:q6-i4-qrc:n=2000,qrc,4,6,2,,2,amplitude probabilities,CZ ring,partial,1,28,12,all,18,306,6140,3,unmeasured,Exact expectations omit disturbance and shot noise; hardware requires repeated preparations; ZZ uses the Z basis
shd,comparison:tuned:q6-i4-qrc:n=600,qrc,4,6,2,,2,amplitude probabilities,CZ ring,partial,1,28,12,all,18,306,6140,3,unmeasured,Exact expectations omit disturbance and shot noise; hardware requires repeated preparations; ZZ uses the Z basis
shd,comparison:tuned:q6-i4-qrc:n=full,qrc,4,6,2,,2,amplitude probabilities,CZ ring,partial,1,28,12,all,18,306,6140,3,unmeasured,Exact expectations omit disturbance and shot noise; hardware requires repeated preparations; ZZ uses the Z basis
shd,comparison:tuned:q8-i2-crc,crc,2,,,24,,same numerical probability stream,fixed recurrent matrix,partial,1,,,all,24,408,8180,,not applicable,Classical recurrent state and fixed weights
shd,comparison:tuned:q8-i2-qrc,qrc,2,8,6,,3,amplitude probabilities,CZ ring,partial,1,50,24,all,24,408,8180,3,unmeasured,Exact expectations omit disturbance and shot noise; hardware requires repeated preparations; ZZ uses the Z basis
shd,comparison:tuned:q8-i4-crc,crc,4,,,24,,same numerical probability stream,fixed recurrent matrix,partial,1,,,all,24,408,8180,,not applicable,Classical recurrent state and fixed weights
shd,comparison:tuned:q8-i4-qrc,qrc,4,8,4,,3,amplitude probabilities,CZ ring,partial,1,52,24,all,24,408,8180,3,unmeasured,Exact expectations omit disturbance and shot noise; hardware requires repeated preparations; ZZ uses the Z basis
shd,comparison:tuned:q8-i6-crc,crc,6,,,24,,same numerical probability stream,fixed recurrent matrix,partial,1,,,all,24,408,8180,,not applicable,Classical recurrent state and fixed weights
shd,comparison:tuned:q8-i6-qrc,qrc,6,8,2,,3,amplitude probabilities,CZ ring,partial,1,54,24,all,24,408,8180,3,unmeasured,Exact expectations omit disturbance and shot noise; hardware requires repeated preparations; ZZ uses the Z basis
shd,mapping-paired:i2:legacy:crc,crc,2,,,18,,same numerical probability stream,fixed recurrent matrix,partial,1,,,all,18,306,6140,,not applicable,Classical recurrent state and fixed weights
shd,mapping-paired:i2:legacy:qrc,qrc,2,6,4,,1,amplitude probabilities,CZ ring,partial,1,14,6,all,18,306,6140,3,unmeasured,Exact expectations omit disturbance and shot noise; hardware requires repeated preparations; ZZ uses the Z basis
shd,mapping-paired:i2:pooling:crc,crc,2,,,18,,same numerical probability stream,fixed recurrent matrix,partial,1,,,all,18,306,6140,,not applicable,Classical recurrent state and fixed weights
shd,mapping-paired:i2:pooling:qrc,qrc,2,6,4,,1,amplitude probabilities,CZ ring,partial,1,14,6,all,18,306,6140,3,unmeasured,Exact expectations omit disturbance and shot noise; hardware requires repeated preparations; ZZ uses the Z basis
shd,mapping-paired:i4:legacy:crc,crc,4,,,18,,same numerical probability stream,fixed recurrent matrix,partial,1,,,all,18,306,6140,,not applicable,Classical recurrent state and fixed weights
shd,mapping-paired:i4:legacy:qrc,qrc,4,6,2,,1,amplitude probabilities,CZ ring,partial,1,16,6,all,18,306,6140,3,unmeasured,Exact expectations omit disturbance and shot noise; hardware requires repeated preparations; ZZ uses the Z basis
shd,mapping-paired:i4:pooling:crc,crc,4,,,18,,same numerical probability stream,fixed recurrent matrix,partial,1,,,all,18,306,6140,,not applicable,Classical recurrent state and fixed weights
shd,mapping-paired:i4:pooling:qrc,qrc,4,6,2,,1,amplitude probabilities,CZ ring,partial,1,16,6,all,18,306,6140,3,unmeasured,Exact expectations omit disturbance and shot noise; hardware requires repeated preparations; ZZ uses the Z basis
shd,mapping-robustness:i2:legacy:crc:p42,crc,2,,,18,,same numerical probability stream,fixed recurrent matrix,partial,1,,,all,18,306,6140,,not applicable,Classical recurrent state and fixed weights
shd,mapping-robustness:i2:legacy:crc:p44,crc,2,,,18,,same numerical probability stream,fixed recurrent matrix,partial,1,,,all,18,306,6140,,not applicable,Classical recurrent state and fixed weights
shd,mapping-robustness:i2:legacy:crc:p46,crc,2,,,18,,same numerical probability stream,fixed recurrent matrix,partial,1,,,all,18,306,6140,,not applicable,Classical recurrent state and fixed weights
shd,mapping-robustness:i2:legacy:qrc:p42,qrc,2,6,4,,1,amplitude probabilities,CZ ring,partial,1,14,6,all,18,306,6140,3,unmeasured,Exact expectations omit disturbance and shot noise; hardware requires repeated preparations; ZZ uses the Z basis
shd,mapping-robustness:i2:legacy:qrc:p44,qrc,2,6,4,,1,amplitude probabilities,CZ ring,partial,1,14,6,all,18,306,6140,3,unmeasured,Exact expectations omit disturbance and shot noise; hardware requires repeated preparations; ZZ uses the Z basis
shd,mapping-robustness:i2:legacy:qrc:p46,qrc,2,6,4,,1,amplitude probabilities,CZ ring,partial,1,14,6,all,18,306,6140,3,unmeasured,Exact expectations omit disturbance and shot noise; hardware requires repeated preparations; ZZ uses the Z basis
shd,mapping-robustness:i4:legacy:crc:p42,crc,4,,,18,,same numerical probability stream,fixed recurrent matrix,partial,1,,,all,18,306,6140,,not applicable,Classical recurrent state and fixed weights
shd,mapping-robustness:i4:legacy:crc:p44,crc,4,,,18,,same numerical probability stream,fixed recurrent matrix,partial,1,,,all,18,306,6140,,not applicable,Classical recurrent state and fixed weights
shd,mapping-robustness:i4:legacy:crc:p46,crc,4,,,18,,same numerical probability stream,fixed recurrent matrix,partial,1,,,all,18,306,6140,,not applicable,Classical recurrent state and fixed weights
shd,mapping-robustness:i4:legacy:qrc:p42,qrc,4,6,2,,1,amplitude probabilities,CZ ring,partial,1,16,6,all,18,306,6140,3,unmeasured,Exact expectations omit disturbance and shot noise; hardware requires repeated preparations; ZZ uses the Z basis
shd,mapping-robustness:i4:legacy:qrc:p44,qrc,4,6,2,,1,amplitude probabilities,CZ ring,partial,1,16,6,all,18,306,6140,3,unmeasured,Exact expectations omit disturbance and shot noise; hardware requires repeated preparations; ZZ uses the Z basis
shd,mapping-robustness:i4:legacy:qrc:p46,qrc,4,6,2,,1,amplitude probabilities,CZ ring,partial,1,16,6,all,18,306,6140,3,unmeasured,Exact expectations omit disturbance and shot noise; hardware requires repeated preparations; ZZ uses the Z basis
shd,observations:crc2:all,crc,2,,,18,,same numerical probability stream,fixed recurrent matrix,partial,1,,,all,18,306,6140,,not applicable,Classical recurrent state and fixed weights
shd,observations:crc2:products,crc,2,,,18,,same numerical probability stream,fixed recurrent matrix,partial,1,,,products,24,408,8180,,not applicable,Classical recurrent state and fixed weights
shd,observations:crc2:width24,crc,2,,,24,,same numerical probability stream,fixed recurrent matrix,partial,1,,,all,24,408,8180,,not applicable,Classical recurrent state and fixed weights
shd,observations:crc4:all,crc,4,,,18,,same numerical probability stream,fixed recurrent matrix,partial,1,,,all,18,306,6140,,not applicable,Classical recurrent state and fixed weights
shd,observations:crc4:products,crc,4,,,18,,same numerical probability stream,fixed recurrent matrix,partial,1,,,products,24,408,8180,,not applicable,Classical recurrent state and fixed weights
shd,observations:crc4:width24,crc,4,,,24,,same numerical probability stream,fixed recurrent matrix,partial,1,,,all,24,408,8180,,not applicable,Classical recurrent state and fixed weights
shd,observations:qrc2:all,qrc,2,6,4,,1,amplitude probabilities,CZ ring,partial,1,14,6,all,18,306,6140,3,unmeasured,Exact expectations omit disturbance and shot noise; hardware requires repeated preparations; ZZ uses the Z basis
shd,observations:qrc2:products,qrc,2,6,4,,1,amplitude probabilities,CZ ring,partial,1,14,6,products,24,408,8180,3,unmeasured,Exact expectations omit disturbance and shot noise; hardware requires repeated preparations; ZZ uses the Z basis
shd,observations:qrc2:zz,qrc,2,6,4,,1,amplitude probabilities,CZ ring,partial,1,14,6,zz,24,408,8180,3,unmeasured,Exact expectations omit disturbance and shot noise; hardware requires repeated preparations; ZZ uses the Z basis
shd,observations:qrc4:all,qrc,4,6,2,,1,amplitude probabilities,CZ ring,partial,1,16,6,all,18,306,6140,3,unmeasured,Exact expectations omit disturbance and shot noise; hardware requires repeated preparations; ZZ uses the Z basis
shd,observations:qrc4:products,qrc,4,6,2,,1,amplitude probabilities,CZ ring,partial,1,16,6,products,24,408,8180,3,unmeasured,Exact expectations omit disturbance and shot noise; hardware requires repeated preparations; ZZ uses the Z basis
shd,observations:qrc4:zz,qrc,4,6,2,,1,amplitude probabilities,CZ ring,partial,1,16,6,zz,24,408,8180,3,unmeasured,Exact expectations omit disturbance and shot noise; hardware requires repeated preparations; ZZ uses the Z basis
shd,recurrence:crc:all,crc,4,,,18,,same numerical probability stream,fixed recurrent matrix,all,1,,,all,18,306,6140,,not applicable,Classical recurrent state and fixed weights
shd,recurrence:crc:partial,crc,4,,,18,,same numerical probability stream,fixed recurrent matrix,partial,1,,,all,18,306,6140,,not applicable,Classical recurrent state and fixed weights
shd,recurrence:qrc:all,qrc,4,6,2,,2,amplitude probabilities,CZ ring,all,1,28,12,all,18,306,6140,3,unmeasured,Exact expectations omit disturbance and shot noise; hardware requires repeated preparations; ZZ uses the Z basis
shd,recurrence:qrc:partial,qrc,4,6,2,,2,amplitude probabilities,CZ ring,partial,1,28,12,all,18,306,6140,3,unmeasured,Exact expectations omit disturbance and shot noise; hardware requires repeated preparations; ZZ uses the Z basis
