dataset,phase,role,population,group,kind,seeds,folds,accuracy,accuracy_seed_sd,accuracy_fold_sd,macro_f1,macro_f1_seed_sd,macro_f1_fold_sd,macro_precision,macro_precision_seed_sd,macro_precision_fold_sd,macro_recall,macro_recall_seed_sd,macro_recall_fold_sd
shd,official,comparison:fixed12:q4-i2-crc,held,seen,speaker-subset,3,1,0.6721698113207547,0.01225507646864773,,0.6334741168921068,0.014954035282650789,,0.6675576379455807,0.013836647056388762,,0.6618938132545079,0.012716820898787387,
shd,official,comparison:fixed12:q4-i2-crc,held,unseen,speaker-subset,3,1,0.5601449275362319,0.023902748113131225,,0.5383687539238815,0.02306668474862929,,0.5890681345056464,0.031491814460315,,0.5633842872378244,0.024575482432522285,
shd,official,comparison:fixed12:q4-i2-crc,held,whole,speaker-subset,3,1,0.5811248527679623,0.019076636439040683,,0.556563845261509,0.019412892891808226,,0.5971800113494956,0.03188927932376575,,0.5820441209888628,0.019532595605266777,
shd,official,comparison:fixed12:q4-i2-qrc,held,seen,speaker-subset,3,1,0.6525157232704403,0.028137626050586905,,0.6213173791837171,0.02388762738688947,,0.6439289067262628,0.025556841039276454,,0.6481747265982023,0.028092711978306092,
shd,official,comparison:fixed12:q4-i2-qrc,held,unseen,speaker-subset,3,1,0.5963768115942029,0.015384691119972527,,0.5751969414418827,0.015790379916758718,,0.6209544035061499,0.013672022813869816,,0.5979065450092823,0.015479760525225926,
shd,official,comparison:fixed12:q4-i2-qrc,held,whole,speaker-subset,3,1,0.6068904593639576,0.01761808363531725,,0.5835929435288647,0.016803508571389854,,0.6213830181949134,0.009805631170450763,,0.6067864386424556,0.0176709926682732,
shd,official,comparison:fixed12:q6-i2-crc,held,seen,speaker-subset,3,1,0.6721698113207547,0.01225507646864773,,0.6334741168921068,0.014954035282650789,,0.6675576379455807,0.013836647056388762,,0.6618938132545079,0.012716820898787387,
shd,official,comparison:fixed12:q6-i2-crc,held,unseen,speaker-subset,3,1,0.5601449275362319,0.023902748113131225,,0.5383687539238815,0.02306668474862929,,0.5890681345056464,0.031491814460315,,0.5633842872378244,0.024575482432522285,
shd,official,comparison:fixed12:q6-i2-crc,held,whole,speaker-subset,3,1,0.5811248527679623,0.019076636439040683,,0.556563845261509,0.019412892891808226,,0.5971800113494956,0.03188927932376575,,0.5820441209888628,0.019532595605266777,
shd,official,comparison:fixed12:q6-i2-qrc,held,seen,speaker-subset,3,1,0.6847484276729561,0.02597910635512309,,0.6606151864451181,0.024898298608555615,,0.6793808798619324,0.02144605401592784,,0.679182715363375,0.0275354895659759,
shd,official,comparison:fixed12:q6-i2-qrc,held,unseen,speaker-subset,3,1,0.6001811594202899,0.03176598278435327,,0.5764161799376398,0.034418292309846436,,0.632625106383924,0.014766908429012054,,0.6024035233242485,0.03248898392559258,
shd,official,comparison:fixed12:q6-i2-qrc,held,whole,speaker-subset,3,1,0.6160188457008244,0.03009481915522886,,0.5917967820751722,0.03144129318676002,,0.6336560835880768,0.01638833131628819,,0.6161189038852791,0.030267236231019252,
shd,official,comparison:fixed12:q6-i4-crc,held,seen,speaker-subset,3,1,0.75,0.01650943396226412,,0.730073989784343,0.021504745696033084,,0.7441526779945532,0.019984558700596955,,0.7474075527171479,0.017066224331021156,
shd,official,comparison:fixed12:q6-i4-crc,held,unseen,speaker-subset,3,1,0.6570652173913043,0.027347273098715503,,0.6331963981648254,0.03255747407063527,,0.675550661609155,0.03716083068710363,,0.6606410712169688,0.027235001871040283,
shd,official,comparison:fixed12:q6-i4-crc,held,whole,speaker-subset,3,1,0.674469964664311,0.022256400507675092,,0.6519883687314193,0.026518335934824572,,0.6859476377375725,0.02737625082032237,,0.6744126397577229,0.022221830048165477,
shd,official,comparison:fixed12:q6-i4-qrc,held,seen,speaker-subset,3,1,0.6941823899371068,0.029863867788085773,,0.6719537168191979,0.029997804500038232,,0.6889719962177582,0.02953372846824439,,0.687968244667395,0.03016204444758358,
shd,official,comparison:fixed12:q6-i4-qrc,held,unseen,speaker-subset,3,1,0.6251811594202898,0.017334599585370605,,0.6093246362535427,0.023958427344486638,,0.6550187315212516,0.012163662785342085,,0.627023343998104,0.018065709016626397,
shd,official,comparison:fixed12:q6-i4-qrc,held,whole,speaker-subset,3,1,0.6381036513545347,0.019365910741215138,,0.6205051117917795,0.023590248018081593,,0.6548657890855201,0.014526891250719936,,0.6369596917612926,0.01899024071030062,
shd,official,comparison:fixed12:q8-i2-crc,held,seen,speaker-subset,3,1,0.6721698113207547,0.01225507646864773,,0.6334741168921068,0.014954035282650789,,0.6675576379455807,0.013836647056388762,,0.6618938132545079,0.012716820898787387,
shd,official,comparison:fixed12:q8-i2-crc,held,unseen,speaker-subset,3,1,0.5601449275362319,0.023902748113131225,,0.5383687539238815,0.02306668474862929,,0.5890681345056464,0.031491814460315,,0.5633842872378244,0.024575482432522285,
shd,official,comparison:fixed12:q8-i2-crc,held,whole,speaker-subset,3,1,0.5811248527679623,0.019076636439040683,,0.556563845261509,0.019412892891808226,,0.5971800113494956,0.03188927932376575,,0.5820441209888628,0.019532595605266777,
shd,official,comparison:fixed12:q8-i2-qrc,held,seen,speaker-subset,3,1,0.6729559748427673,0.009819179242764785,,0.648633864897289,0.007024557886709814,,0.6659314245987903,0.00145149655827299,,0.6684550063601787,0.01118992805352214,
shd,official,comparison:fixed12:q8-i2-qrc,held,unseen,speaker-subset,3,1,0.5858695652173913,0.03412679986182517,,0.5581201224475216,0.037854869408863734,,0.6162398500928342,0.018471723989266404,,0.5878619109689142,0.03487355074231647,
shd,official,comparison:fixed12:q8-i2-qrc,held,whole,speaker-subset,3,1,0.6021790341578327,0.02840052197025725,,0.5748893366367814,0.03023762922671871,,0.6173257820235988,0.017820254208725746,,0.6021564435450723,0.028606124986841525,
shd,official,comparison:fixed12:q8-i4-crc,held,seen,speaker-subset,3,1,0.75,0.01650943396226412,,0.730073989784343,0.021504745696033084,,0.7441526779945532,0.019984558700596955,,0.7474075527171479,0.017066224331021156,
shd,official,comparison:fixed12:q8-i4-crc,held,unseen,speaker-subset,3,1,0.6570652173913043,0.027347273098715503,,0.6331963981648254,0.03255747407063527,,0.675550661609155,0.03716083068710363,,0.6606410712169688,0.027235001871040283,
shd,official,comparison:fixed12:q8-i4-crc,held,whole,speaker-subset,3,1,0.674469964664311,0.022256400507675092,,0.6519883687314193,0.026518335934824572,,0.6859476377375725,0.02737625082032237,,0.6744126397577229,0.022221830048165477,
shd,official,comparison:fixed12:q8-i4-qrc,held,seen,speaker-subset,3,1,0.7028301886792453,0.031730245394041734,,0.6764838813871726,0.03082363380441023,,0.6907231707757696,0.029128455410235107,,0.697353766853392,0.03188338004458437,
shd,official,comparison:fixed12:q8-i4-qrc,held,unseen,speaker-subset,3,1,0.6115942028985507,0.02593555096836705,,0.594019882894008,0.026936929069324683,,0.6396942144087586,0.01337423535877084,,0.6139787494568867,0.0258962140953,
shd,official,comparison:fixed12:q8-i4-qrc,held,whole,speaker-subset,3,1,0.6286808009422851,0.023959045562535853,,0.6087255985849285,0.025591644372303563,,0.6440150808878441,0.014854213932272847,,0.6283398290428502,0.023331282902079576,
shd,official,comparison:fixed12:q8-i6-crc,held,seen,speaker-subset,3,1,0.8317610062893083,0.011145791571350495,,0.820202828758711,0.009256686630817699,,0.8324712518037723,0.007922482971790393,,0.8286864505295913,0.010852087071423325,
shd,official,comparison:fixed12:q8-i6-crc,held,unseen,speaker-subset,3,1,0.7110507246376813,0.02291219094748172,,0.7016690490792857,0.02122366544440254,,0.7460568342699162,0.017386016240954212,,0.7163072243946754,0.023995477589688022,
shd,official,comparison:fixed12:q8-i6-crc,held,whole,speaker-subset,3,1,0.7336572438162544,0.02065608295245571,,0.7239555543369272,0.01942128435074892,,0.7590778230204772,0.017806356171344656,,0.7352180986442182,0.020882589438964434,
shd,official,comparison:fixed12:q8-i6-qrc,held,seen,speaker-subset,3,1,0.6509433962264152,0.07196295425656772,,0.6262894568369768,0.07277520993147889,,0.6466867730147996,0.08073534287774957,,0.6406819421924994,0.07074909580564603,
shd,official,comparison:fixed12:q8-i6-qrc,held,unseen,speaker-subset,3,1,0.5429347826086957,0.028339147444529752,,0.5225824712270495,0.032774455521452875,,0.564586067464413,0.036353454570346194,,0.5461527827151715,0.02790195721597224,
shd,official,comparison:fixed12:q8-i6-qrc,held,whole,speaker-subset,3,1,0.5631625441696112,0.03629710203896068,,0.5421674899205842,0.039391459762799876,,0.5745795973247859,0.04589913262239125,,0.5638191034933555,0.03651397394419752,
shd,official,comparison:fixed:q4-i2-crc,held,seen,speaker-subset,3,1,0.6721698113207547,0.01225507646864773,,0.6334741168921068,0.014954035282650789,,0.6675576379455807,0.013836647056388762,,0.6618938132545079,0.012716820898787387,
shd,official,comparison:fixed:q4-i2-crc,held,unseen,speaker-subset,3,1,0.5601449275362319,0.023902748113131225,,0.5383687539238815,0.02306668474862929,,0.5890681345056464,0.031491814460315,,0.5633842872378244,0.024575482432522285,
shd,official,comparison:fixed:q4-i2-crc,held,whole,speaker-subset,3,1,0.5811248527679623,0.019076636439040683,,0.556563845261509,0.019412892891808226,,0.5971800113494956,0.03188927932376575,,0.5820441209888628,0.019532595605266777,
shd,official,comparison:fixed:q4-i2-qrc,held,seen,speaker-subset,3,1,0.6525157232704403,0.028137626050586905,,0.6213173791837171,0.02388762738688947,,0.6439289067262628,0.025556841039276454,,0.6481747265982023,0.028092711978306092,
shd,official,comparison:fixed:q4-i2-qrc,held,unseen,speaker-subset,3,1,0.5963768115942029,0.015384691119972527,,0.5751969414418827,0.015790379916758718,,0.6209544035061499,0.013672022813869816,,0.5979065450092823,0.015479760525225926,
shd,official,comparison:fixed:q4-i2-qrc,held,whole,speaker-subset,3,1,0.6068904593639576,0.01761808363531725,,0.5835929435288647,0.016803508571389854,,0.6213830181949134,0.009805631170450763,,0.6067864386424556,0.0176709926682732,
shd,official,comparison:fixed:q6-i2-crc,held,seen,speaker-subset,3,1,0.7264150943396226,0.028595178426844683,,0.7065861424325764,0.033048449482024476,,0.7319237920427488,0.02375070936547646,,0.7250586189288714,0.029167751300573308,
shd,official,comparison:fixed:q6-i2-crc,held,unseen,speaker-subset,3,1,0.5617753623188406,0.043227310193509005,,0.537151998753814,0.04462591200702134,,0.5703147395947061,0.05238275315638738,,0.5648516806888652,0.042957063162171405,
shd,official,comparison:fixed:q6-i2-crc,held,whole,speaker-subset,3,1,0.5926089517078915,0.03955667568671246,,0.5695251245919056,0.0414825364874842,,0.6004194329342776,0.046526501065071627,,0.5937078914150283,0.039134788426582225,
shd,official,comparison:fixed:q6-i2-qrc,held,seen,speaker-subset,3,1,0.7248427672955975,0.0054467006527323175,,0.7006714871907516,0.008742059171206587,,0.7118541183277598,0.009492543710833856,,0.7169436666277621,0.0031895853841947155,
shd,official,comparison:fixed:q6-i2-qrc,held,unseen,speaker-subset,3,1,0.6262681159420289,0.01288780899408148,,0.6077828558878797,0.012961220770054904,,0.6486658885477831,0.005968158609656481,,0.6285282616423747,0.014179089188975527,
shd,official,comparison:fixed:q6-i2-qrc,held,whole,speaker-subset,3,1,0.6447290930506479,0.009497322392738618,,0.6244984033259523,0.009425960545416709,,0.6546843837199728,0.007716514018043806,,0.6445893840621221,0.010346907055708895,
shd,official,comparison:fixed:q6-i4-crc,held,seen,speaker-subset,3,1,0.7885220125786164,0.016053913409325576,,0.773290218074204,0.01567078248224436,,0.7836194526008976,0.016242953502340857,,0.7862034261964922,0.01581607524478617,
shd,official,comparison:fixed:q6-i4-crc,held,unseen,speaker-subset,3,1,0.6543478260869565,0.04438257909396588,,0.6366193362888254,0.04245819690516744,,0.6694537396918644,0.04326299080325456,,0.6570762728601335,0.04518163280235629,
shd,official,comparison:fixed:q6-i4-crc,held,whole,speaker-subset,3,1,0.6794758539458187,0.038870094487196874,,0.6624830524532094,0.037013750485654716,,0.6883297451822216,0.03812212611946833,,0.678894319069073,0.03886582685531024,
shd,official,comparison:fixed:q6-i4-qrc,held,seen,speaker-subset,3,1,0.7735849056603773,0.020962722682348098,,0.7550824561542253,0.024041451089948485,,0.7663880409620359,0.022088769345628315,,0.7703928445367726,0.021900312768214344,
shd,official,comparison:fixed:q6-i4-qrc,held,unseen,speaker-subset,3,1,0.6711956521739131,0.034599552266080434,,0.654388379197361,0.034475731412237094,,0.6934075134249961,0.02234558261741864,,0.6728976577003595,0.03585996067030662,
shd,official,comparison:fixed:q6-i4-qrc,held,whole,speaker-subset,3,1,0.6903710247349822,0.030161732588655534,,0.6732878867952103,0.029818726499795153,,0.703626515029986,0.018722788701732572,,0.689142662966728,0.029850080459913754,
shd,official,comparison:fixed:q8-i2-crc,held,seen,speaker-subset,3,1,0.7822327044025158,0.036103655670456036,,0.7634775648521694,0.04566828772591875,,0.7729632775100841,0.047331228655718885,,0.7781348778588284,0.04131209782802873,
shd,official,comparison:fixed:q8-i2-crc,held,unseen,speaker-subset,3,1,0.6,0.043437480875408885,,0.5822316317851561,0.04114905280664756,,0.6122446419776485,0.039435285860758326,,0.6015602164553462,0.044088189133705574,
shd,official,comparison:fixed:q8-i2-crc,held,whole,speaker-subset,3,1,0.6341283863368669,0.04116155942587909,,0.6170731830321664,0.040956017480477835,,0.6402061158792023,0.039693906775899894,,0.6337883644985943,0.04142917840616904,
shd,official,comparison:fixed:q8-i2-qrc,held,seen,speaker-subset,3,1,0.7303459119496855,0.007205307696471421,,0.7085830643305084,0.004436219431862755,,0.7201777098323813,0.004205059101811496,,0.7220094058055703,0.006579720612662935,
shd,official,comparison:fixed:q8-i2-qrc,held,unseen,speaker-subset,3,1,0.611231884057971,0.029056186471640273,,0.5929010543164436,0.028973375132640807,,0.6378638270685012,0.021223622424564933,,0.6132401153375202,0.02985372069760146,
shd,official,comparison:fixed:q8-i2-qrc,held,whole,speaker-subset,3,1,0.6335394581861014,0.022969613528901867,,0.6143124145257637,0.022094347720101454,,0.6462952434053483,0.016671476371100197,,0.6332727733421136,0.023179910565207525,
shd,official,comparison:fixed:q8-i4-crc,held,seen,speaker-subset,3,1,0.7971698113207548,0.008170050979098445,,0.7808370280474245,0.007226661075719453,,0.7921818302468008,0.00914773385277117,,0.7900675304460286,0.008569730996319051,
shd,official,comparison:fixed:q8-i4-crc,held,unseen,speaker-subset,3,1,0.6697463768115942,0.036223277963412105,,0.6525250249513898,0.038732943841765996,,0.6914576179452251,0.042452749200330785,,0.6724908164474463,0.03606956707873973,
shd,official,comparison:fixed:q8-i4-crc,held,whole,speaker-subset,3,1,0.6936101295641932,0.030391560044952918,,0.6775287028585835,0.031712384725132305,,0.7077825408380635,0.033091847617711403,,0.6928737652653937,0.03034813407815116,
shd,official,comparison:fixed:q8-i4-qrc,held,seen,speaker-subset,3,1,0.7885220125786164,0.02948899266275321,,0.773647545304074,0.026567275128799715,,0.78498446865445,0.027629988870086043,,0.7851413973286787,0.027577396643619922,
shd,official,comparison:fixed:q8-i4-qrc,held,unseen,speaker-subset,3,1,0.668840579710145,0.02127447254586114,,0.6540339847114042,0.01691949929191072,,0.6929370994266447,0.016527608289387662,,0.6708614764782558,0.021975592143306136,
shd,official,comparison:fixed:q8-i4-qrc,held,whole,speaker-subset,3,1,0.6912544169611308,0.022656039935039184,,0.6758016908615015,0.01954968973537033,,0.7063396305403952,0.01909297909448499,,0.6900813826626718,0.022720357726640137,
shd,official,comparison:fixed:q8-i6-crc,held,seen,speaker-subset,3,1,0.8388364779874214,0.022662791360691138,,0.8272506375793455,0.02373396639388512,,0.8336648285295816,0.026953341116174298,,0.8347420773578319,0.023872633218854022,
shd,official,comparison:fixed:q8-i6-crc,held,unseen,speaker-subset,3,1,0.7094202898550724,0.01712028408888663,,0.693858336196242,0.017050187358819816,,0.7363438001859026,0.015623223108178012,,0.7149978275467076,0.01706062345634103,
shd,official,comparison:fixed:q8-i6-crc,held,whole,speaker-subset,3,1,0.7336572438162543,0.017327778485806588,,0.7193693076426767,0.017959503041050855,,0.7520453070576741,0.017391856831780787,,0.7355776690046625,0.017237630274506813,
shd,official,comparison:fixed:q8-i6-qrc,held,seen,speaker-subset,3,1,0.8474842767295598,0.009531726142281557,,0.8334665422024093,0.010724822458308057,,0.8379713501767388,0.011512647944484545,,0.8406259758343716,0.009537330984663634,
shd,official,comparison:fixed:q8-i6-qrc,held,unseen,speaker-subset,3,1,0.7503623188405797,0.01636161440570375,,0.7458894724908999,0.018742529204597718,,0.7872743145155194,0.020454553093097978,,0.7545404273808113,0.01704051492551625,
shd,official,comparison:fixed:q8-i6-qrc,held,whole,speaker-subset,3,1,0.7685512367491166,0.012717473541420431,,0.7615194551691943,0.015158955172486962,,0.7917968743750574,0.01537603677374476,,0.7690342662793475,0.013269132688427427,
shd,official,comparison:projection:i2,held,seen,speaker-subset,3,1,0.5801886792452831,0.0,,0.5401963024906046,0.0,,0.5745618473231706,0.0,,0.5778070949817576,0.0,
shd,official,comparison:projection:i2,held,unseen,speaker-subset,3,1,0.5836956521739131,0.0,,0.5588256672012587,0.0,,0.6227797317219332,0.0,,0.5843583362957696,0.0,
shd,official,comparison:projection:i2,held,whole,speaker-subset,3,1,0.5830388692579506,0.0,,0.5545799393498156,0.0,,0.6158192931181226,0.0,,0.5819943263444823,0.0,
shd,official,comparison:projection:i4,held,seen,speaker-subset,3,1,0.6886792452830188,0.0,,0.6578507269456708,0.0,,0.6785886466261827,1.3597399555105182e-16,,0.6800375846667078,1.3597399555105182e-16,
shd,official,comparison:projection:i4,held,unseen,speaker-subset,3,1,0.678804347826087,0.0,,0.6615584982168073,0.0,,0.7060962350195897,1.3597399555105182e-16,,0.6804301457518663,0.0,
shd,official,comparison:projection:i4,held,whole,speaker-subset,3,1,0.6806537102473498,0.0,,0.6619540255634268,0.0,,0.6950784453602172,0.0,,0.6786063814047821,1.3597399555105182e-16,
shd,official,comparison:projection:i6,held,seen,speaker-subset,3,1,0.785377358490566,0.0,,0.7683857702121356,1.3597399555105182e-16,,0.7758227224720361,1.3597399555105182e-16,,0.7808321005581126,0.0,
shd,official,comparison:projection:i6,held,unseen,speaker-subset,3,1,0.7510869565217392,0.0,,0.7475217539844627,0.0,,0.7981711461835955,1.3597399555105182e-16,,0.7559189477426237,1.3597399555105182e-16,
shd,official,comparison:projection:i6,held,whole,speaker-subset,3,1,0.7575088339222615,0.0,,0.7508665028027508,0.0,,0.7879261244736501,1.3597399555105182e-16,,0.7583830815107951,1.3597399555105182e-16,
shd,official,comparison:tuned:q4-i2-crc,held,seen,speaker-subset,3,1,0.8058176100628932,0.00593540443024431,,0.7903038229954452,0.004753639233729138,,0.8045800883137111,0.006462853090928479,,0.8005820347078468,0.005221295398148679,
shd,official,comparison:tuned:q4-i2-crc,held,unseen,speaker-subset,3,1,0.6648550724637681,0.011711084318039123,,0.6486093368870929,0.012459015846280385,,0.6938006707564659,0.012605041484218451,,0.6672394043528064,0.011992229533928292,
shd,official,comparison:tuned:q4-i2-crc,held,whole,speaker-subset,3,1,0.6912544169611308,0.01062827686883038,,0.6746657595732758,0.010955855026639151,,0.711108174248635,0.010266222882398784,,0.6907065297498979,0.01043013809279075,
shd,official,comparison:tuned:q4-i2-qrc,held,seen,speaker-subset,3,1,0.8144654088050315,0.013410945054427643,,0.7972449464257957,0.014941352145789052,,0.8180886276108791,0.009836300713531186,,0.8089042336464876,0.012219413077902598,
shd,official,comparison:tuned:q4-i2-qrc,held,unseen,speaker-subset,3,1,0.6902173913043478,0.020327830662244615,,0.6751294556120375,0.01895934416566898,,0.7125952973038053,0.021807317224164766,,0.6914326341983646,0.01955568898089696,
shd,official,comparison:tuned:q4-i2-qrc,held,whole,speaker-subset,3,1,0.7134864546525325,0.018234793373171278,,0.6977527110489854,0.01736798548442574,,0.7292578386228263,0.01826597117279387,,0.712237222861162,0.017548398022059142,
shd,official,comparison:tuned:q6-i2-crc,held,seen,speaker-subset,3,1,0.8026729559748427,0.004909589621382383,,0.7860264428045504,0.006178238110351085,,0.7977151763545183,0.006700294887031089,,0.7966741313201209,0.005089393759045686,
shd,official,comparison:tuned:q6-i2-crc,held,unseen,speaker-subset,3,1,0.6969202898550725,0.005577827651572675,,0.6813047307048604,0.005768233374287203,,0.7118158408045397,0.006058684528816744,,0.6980862661452778,0.005866605301032914,
shd,official,comparison:tuned:q6-i2-crc,held,whole,speaker-subset,3,1,0.7167255594817433,0.004639561618547951,,0.7010167528649832,0.004914890155005933,,0.7255102996005803,0.0037860517825206836,,0.7150801528196643,0.004712137751511727,
shd,official,comparison:tuned:q6-i2-qrc,held,seen,speaker-subset,3,1,0.8034591194968553,0.019779474253787902,,0.7892054484776135,0.025688312874947446,,0.8028246274289503,0.024273758632279888,,0.7989681483928734,0.02201593960256466,
shd,official,comparison:tuned:q6-i2-qrc,held,unseen,speaker-subset,3,1,0.65,0.023064233884698825,,0.6348536790086414,0.022954509549854635,,0.6650602254795556,0.017457876232727043,,0.651984832326105,0.022904540655127047,
shd,official,comparison:tuned:q6-i2-qrc,held,whole,speaker-subset,3,1,0.6787396937573615,0.020980952820177964,,0.6633764104502223,0.021380233307553217,,0.6873750831259683,0.02001358266618028,,0.6783163109009096,0.020420268977200264,
shd,official,comparison:tuned:q6-i4-crc,held,seen,speaker-subset,3,1,0.8647798742138365,0.0036026538482357645,,0.8541373952986476,0.004613996478880905,,0.8593269799646667,0.0030860799649230688,,0.8604381978822259,0.005541208746162672,
shd,official,comparison:tuned:q6-i4-crc,held,unseen,speaker-subset,3,1,0.7463768115942028,0.012059013942494694,,0.7357700986751784,0.011530327498197155,,0.7598383576450721,0.007555719872765833,,0.7488249002646442,0.011866714259169124,
shd,official,comparison:tuned:q6-i4-crc,held,whole,speaker-subset,3,1,0.7685512367491166,0.0101205293616516,,0.7574867458794351,0.009429457665065184,,0.7763148660120495,0.005627957399843128,,0.7675096769146178,0.009807895870319154,
shd,official,comparison:tuned:q6-i4-qrc,held,seen,speaker-subset,3,1,0.8081761006289309,0.02229158314270095,,0.7915264846273772,0.023813778286491696,,0.8023890613361017,0.02260794425686244,,0.8014449636491742,0.022440899425317185,
shd,official,comparison:tuned:q6-i4-qrc,held,unseen,speaker-subset,3,1,0.7086956521739131,0.021279099946143378,,0.7003836624998291,0.021010447933142006,,0.7306922594167694,0.0264897020180789,,0.7107556187541969,0.02098653137109198,
shd,official,comparison:tuned:q6-i4-qrc,held,whole,speaker-subset,3,1,0.7273262661955241,0.021386182020111992,,0.71734313668677,0.021263932292193286,,0.7398344989766806,0.02515956011226324,,0.7258654287625572,0.02119915569359722,
shd,official,comparison:tuned:q8-i2-crc,held,seen,speaker-subset,3,1,0.8317610062893083,0.004909589621382383,,0.8200399597331058,0.0028505440880571553,,0.829343876525328,0.0041842201775559125,,0.8282869605915583,0.004774232947696266,
shd,official,comparison:tuned:q8-i2-crc,held,unseen,speaker-subset,3,1,0.7070652173913045,0.002368966817141663,,0.6885728326020549,0.002911260884105231,,0.7196391156425316,0.005783240808599984,,0.7080045029031875,0.002200282634949221,
shd,official,comparison:tuned:q8-i2-crc,held,whole,speaker-subset,3,1,0.7304181389870436,0.0026988078297737767,,0.7131780901034043,0.002766585471311374,,0.738466637297574,0.00462766328516377,,0.7285964257894234,0.0025389036076968355,
shd,official,comparison:tuned:q8-i2-qrc,held,seen,speaker-subset,3,1,0.7806603773584905,0.014728768864147148,,0.7614428327682625,0.017042602069703525,,0.7788919383469247,0.016459266532752977,,0.775125488281223,0.016783141736584677,
shd,official,comparison:tuned:q8-i2-qrc,held,unseen,speaker-subset,3,1,0.6465579710144927,0.026814654153628464,,0.6305641826152172,0.027995724484806077,,0.670298819809656,0.02245783538053942,,0.6489967215704862,0.026039510023604617,
shd,official,comparison:tuned:q8-i2-qrc,held,whole,speaker-subset,3,1,0.6716725559481743,0.024358783106753254,,0.6551024546927686,0.025714869155453537,,0.6873980568275379,0.022849713806899548,,0.6716245965430009,0.023393246553696692,
shd,official,comparison:tuned:q8-i4-crc,held,seen,speaker-subset,3,1,0.893867924528302,0.004716981132075471,,0.8838942937683564,0.005775696720571911,,0.8913132616506053,0.005360627815750073,,0.8873346723195548,0.005486450096640847,
shd,official,comparison:tuned:q8-i4-crc,held,unseen,speaker-subset,3,1,0.7728260869565218,0.016057920329015398,,0.7658397962646345,0.016709982598643806,,0.7820072819525805,0.016367898504616396,,0.7747007939329306,0.015483798470543375,
shd,official,comparison:tuned:q8-i4-crc,held,whole,speaker-subset,3,1,0.7954946996466431,0.012854798772840311,,0.7869542298348287,0.01331658201215457,,0.7989654662737661,0.013554769411154381,,0.7940154517213577,0.012393765838512462,
shd,official,comparison:tuned:q8-i4-qrc,held,seen,speaker-subset,3,1,0.819182389937107,0.002723350326366191,,0.8039257729162235,0.002989084155800233,,0.8105864447318024,0.0036663370892156453,,0.8121666894264971,0.003231754630750057,
shd,official,comparison:tuned:q8-i4-qrc,held,unseen,speaker-subset,3,1,0.7471014492753624,0.017103022833525924,,0.7390375670368631,0.014981304367902076,,0.7689463135454151,0.012432445683526796,,0.7494331871864756,0.0168704818407267,
shd,official,comparison:tuned:q8-i4-qrc,held,whole,speaker-subset,3,1,0.760600706713781,0.014154964981415226,,0.7518752546158964,0.01218208869916593,,0.7730603845649843,0.009896719267591348,,0.7595399564623264,0.013890816357007016,
shd,official,comparison:tuned:q8-i6-crc,held,seen,speaker-subset,3,1,0.8238993710691824,0.004909589621382383,,0.8104549721988886,0.003501795621587116,,0.8180841679433519,0.004519723145342192,,0.8178716520906676,0.002653266515363504,
shd,official,comparison:tuned:q8-i6-crc,held,unseen,speaker-subset,3,1,0.7389492753623189,0.008012081299817349,,0.7318965102451646,0.007770677768888501,,0.8024597045583217,0.017687290614332652,,0.745374649445037,0.008248838512637002,
shd,official,comparison:tuned:q8-i6-crc,held,whole,speaker-subset,3,1,0.7548586572438163,0.0061362385112410595,,0.7468228157091161,0.005271705828243038,,0.7981850583812031,0.010031790640652443,,0.7574047368714477,0.006173964915107858,
shd,official,comparison:tuned:q8-i6-qrc,held,seen,speaker-subset,3,1,0.8608490566037736,0.013131519723655694,,0.8463237462565941,0.014361299764894532,,0.8508043706441005,0.010813166622917801,,0.8525678972220702,0.013083720823578743,
shd,official,comparison:tuned:q8-i6-qrc,held,unseen,speaker-subset,3,1,0.7771739130434782,0.006267697062321085,,0.7726563090600859,0.007544996196633009,,0.8143369556250795,0.006033820597586171,,0.7821226843622862,0.00621809759042371,
shd,official,comparison:tuned:q8-i6-qrc,held,whole,speaker-subset,3,1,0.7928445229681979,0.007271235703690061,,0.7862313208709352,0.0087276144377131,,0.815840569235664,0.006655442706671961,,0.793543833444376,0.007340104073135364,
shd,official,observations:crc2:all,held,seen,speaker-subset,3,1,0.7224842767295597,0.029863867788085825,,0.7009291206560722,0.033191496277153724,,0.728724133963739,0.021829545874156923,,0.7194213847862024,0.027287715945614837,
shd,official,observations:crc2:all,held,unseen,speaker-subset,3,1,0.5583333333333332,0.04434374093148165,,0.5348037939279714,0.04497450668973812,,0.5680488670648507,0.05044550643170058,,0.5614685784255637,0.0440743979532868,
shd,official,observations:crc2:all,held,whole,speaker-subset,3,1,0.5890753828032981,0.03997858188915896,,0.5664744478444297,0.0413136757763216,,0.5967209996609725,0.044864558593764835,,0.590103872518696,0.039304079413105625,
shd,official,observations:crc2:products,held,seen,speaker-subset,3,1,0.6965408805031447,0.02362418113414578,,0.6648956416941746,0.023826099226073368,,0.6985680217468495,0.015256957082031931,,0.6894429111964718,0.02196572792590819,
shd,official,observations:crc2:products,held,unseen,speaker-subset,3,1,0.5503623188405797,0.0370894879948854,,0.5268750158509369,0.035168617504658696,,0.5785425749789299,0.04737887377950978,,0.5536319469131414,0.036566572372498524,
shd,official,observations:crc2:products,held,whole,speaker-subset,3,1,0.5777385159010601,0.03248493994381078,,0.5530802735252162,0.029938441223528834,,0.5980596648086846,0.03672482840504772,,0.579007233411085,0.03155015748924428,
shd,official,observations:crc2:width24,held,seen,speaker-subset,3,1,0.7830188679245284,0.03743987704336682,,0.7656471677514052,0.047198435665634676,,0.7765480335283369,0.045647616375842366,,0.7796339828037105,0.04217831009824525,
shd,official,observations:crc2:width24,held,unseen,speaker-subset,3,1,0.6,0.04604194376882173,,0.5817092524299957,0.04456333867515086,,0.6115821918153883,0.04291349240596389,,0.6016194651814986,0.04666170144191604,
shd,official,observations:crc2:width24,held,whole,speaker-subset,3,1,0.6342756183745583,0.043238868599553795,,0.6170874772779334,0.04315167785513134,,0.6410830482543877,0.04103311427730743,,0.6340639129336219,0.043357806724112255,
shd,official,observations:crc4:all,held,seen,speaker-subset,3,1,0.7869496855345912,0.010893401305464635,,0.7706263032725506,0.009848545343105976,,0.7806383749535932,0.011430719317761106,,0.7838442322665212,0.011297794672449868,
shd,official,observations:crc4:all,held,unseen,speaker-subset,3,1,0.6510869565217391,0.04582008458338694,,0.6329407616337391,0.044616000255838235,,0.6665312630597953,0.04609038772382716,,0.6538254927519058,0.046599191043280766,
shd,official,observations:crc4:all,held,whole,speaker-subset,3,1,0.6765312131919906,0.03925218274514493,,0.6594542770089556,0.037652659399194016,,0.6860138135188181,0.03829476719349599,,0.6759943873732982,0.03921400454568217,
shd,official,observations:crc4:products,held,seen,speaker-subset,3,1,0.8026729559748428,0.02290692183071298,,0.7864188129617928,0.019804685926938365,,0.7970056567107425,0.02109319212650458,,0.7993305154597009,0.022706082632465575,
shd,official,observations:crc4:products,held,unseen,speaker-subset,3,1,0.6615942028985508,0.05332276055016861,,0.644640755789469,0.052565303635315544,,0.6752027648444267,0.05445027266666584,,0.6639886242445788,0.053758840218190614,
shd,official,observations:crc4:products,held,whole,speaker-subset,3,1,0.6880153121319199,0.047607656398024265,,0.6716842772848239,0.04631746800752969,,0.6956944653165295,0.04870471686614353,,0.6871760613692312,0.04733101415946886,
shd,official,observations:crc4:width24,held,seen,speaker-subset,3,1,0.7963836477987422,0.00593540443024431,,0.7800840916547166,0.005108323478601004,,0.7920518066102318,0.007555300632372273,,0.7890181477299794,0.0038486168041347653,
shd,official,observations:crc4:width24,held,unseen,speaker-subset,3,1,0.6675724637681159,0.034434112403813125,,0.6500276094175058,0.036725745927788205,,0.6889161059903856,0.04115590304200437,,0.6702907137496542,0.03421316259487376,
shd,official,observations:crc4:width24,held,whole,speaker-subset,3,1,0.691696113074205,0.02804683368619704,,0.6753858539140377,0.029028180332620612,,0.7058301109160589,0.031051077025414042,,0.6909687308362832,0.027975615953361378,
shd,official,observations:projection:i2,held,seen,speaker-subset,3,1,0.5825471698113207,0.0,,0.5423749101038626,0.0,,0.5763329177998863,0.0,,0.5799810080252359,0.0,
shd,official,observations:projection:i2,held,unseen,speaker-subset,3,1,0.5793478260869566,0.0,,0.5531147181223187,0.0,,0.6181604664968934,0.0,,0.5797606351463443,0.0,
shd,official,observations:projection:i2,held,whole,speaker-subset,3,1,0.5799469964664311,0.0,,0.5503972296588032,0.0,,0.6138558436265545,0.0,,0.5787607176156511,0.0,
shd,official,observations:projection:i4,held,seen,speaker-subset,3,1,0.6863207547169812,0.0,,0.6560650126599564,0.0,,0.6769757434003761,1.3597399555105182e-16,,0.6780375846667077,0.0,
shd,official,observations:projection:i4,held,unseen,speaker-subset,3,1,0.6793478260869565,0.0,,0.6620299081491002,0.0,,0.7066826826287423,1.3597399555105182e-16,,0.6809456096693921,0.0,
shd,official,observations:projection:i4,held,whole,speaker-subset,3,1,0.6806537102473498,0.0,,0.6619530472613546,0.0,,0.6952614925762669,1.3597399555105182e-16,,0.6786063814047821,1.3597399555105182e-16,
shd,official,observations:qrc2:all,held,seen,speaker-subset,3,1,0.7224842767295597,0.0054467006527323175,,0.6983076536605698,0.008801687402266237,,0.7101721424484646,0.009038133894436933,,0.7147867325286742,0.003112206230578877,
shd,official,observations:qrc2:all,held,unseen,speaker-subset,3,1,0.6235507246376811,0.011456095473740834,,0.6047492979892302,0.011669479566196303,,0.645106055035699,0.006016377474675191,,0.6257139471501363,0.012632141051674449,
shd,official,observations:qrc2:all,held,whole,speaker-subset,3,1,0.6420789163722026,0.008337806322006943,,0.6214433254350418,0.008265346016287076,,0.6510946891075287,0.007016659250098134,,0.6418327017608129,0.009081955827189684,
shd,official,observations:qrc2:products,held,seen,speaker-subset,3,1,0.7366352201257862,0.005935404430244318,,0.7156111430684726,0.00962464613625792,,0.7268506859611922,0.01016160935202155,,0.7289662403554207,0.007625442524975511,
shd,official,observations:qrc2:products,held,unseen,speaker-subset,3,1,0.6293478260869564,0.015304486782966016,,0.6107691662925657,0.015574335226116707,,0.6499317246263717,0.009137041947800838,,0.6311924793616938,0.016446010275494787,
shd,official,observations:qrc2:products,held,whole,speaker-subset,3,1,0.6494405182567727,0.012804109305799139,,0.6299214922303958,0.012222510169357308,,0.6588379639173644,0.011428481219467152,,0.6488985752971331,0.013489003162602126,
shd,official,observations:qrc2:zz,held,seen,speaker-subset,3,1,0.7327044025157233,0.010893401305464635,,0.7098108058940403,0.013347862399746524,,0.7200790601831825,0.010698774881210056,,0.724245258840961,0.01165723138541069,
shd,official,observations:qrc2:zz,held,unseen,speaker-subset,3,1,0.6313405797101449,0.017154754494434935,,0.6134853512264985,0.01648100654499713,,0.6532663708240127,0.010574333512644597,,0.6334577556582534,0.01814056961993788,
shd,official,observations:qrc2:zz,held,whole,speaker-subset,3,1,0.6503239104829212,0.015379230307796978,,0.6310402036402878,0.014529327661919972,,0.6594954837726327,0.01199278106889875,,0.6501465393721247,0.01608331906327112,
shd,official,observations:qrc4:all,held,seen,speaker-subset,3,1,0.7735849056603774,0.022498566071154382,,0.754731044237574,0.02674896276236421,,0.7659597027104571,0.024541575645334268,,0.7701448286637568,0.024348015169046593,
shd,official,observations:qrc4:all,held,unseen,speaker-subset,3,1,0.6715579710144928,0.03437831154925945,,0.6544862362225592,0.034124446107629124,,0.6935327454239134,0.022458293196353517,,0.6732215507366592,0.03568744381014156,
shd,official,observations:qrc4:all,held,whole,speaker-subset,3,1,0.690665488810365,0.029538651161048382,,0.6734802166816442,0.028969249582087003,,0.7038754643699026,0.018307444603470738,,0.6894035946638577,0.029198080883781178,
shd,official,observations:qrc4:products,held,seen,speaker-subset,3,1,0.7979559748427674,0.021914087837682908,,0.7840659372997859,0.02276091777622607,,0.7935829862612104,0.022749475484196525,,0.7947522240401427,0.021415144803776764,
shd,official,observations:qrc4:products,held,unseen,speaker-subset,3,1,0.6856884057971014,0.027889138257863516,,0.6707087081831874,0.025983072069009565,,0.7073361540928157,0.015917260938225004,,0.6875320930599992,0.028839546952550983,
shd,official,observations:qrc4:products,held,whole,speaker-subset,3,1,0.7067137809187279,0.024325388362216174,,0.6917121161202778,0.02264794692883498,,0.7210216905555725,0.014422812022285125,,0.7054503177239009,0.02402656185063726,
shd,official,observations:qrc4:zz,held,seen,speaker-subset,3,1,0.7924528301886792,0.019305077292151997,,0.7784993719792981,0.01970155796634113,,0.788028988720132,0.020299736404918903,,0.7888408483787669,0.017956498992575134,
shd,official,observations:qrc4:zz,held,unseen,speaker-subset,3,1,0.6846014492753624,0.025895660325477323,,0.6698176021904049,0.02431836093353377,,0.7063131735626106,0.014635841635595715,,0.6864814156495634,0.02673921092997826,
shd,official,observations:qrc4:zz,held,whole,speaker-subset,3,1,0.7047997644287397,0.02266608409649689,,0.689870737853032,0.02127904871214737,,0.7186871195296446,0.012645973602440526,,0.7035649377154997,0.022335069227978132,
shd,official,practical:large-crc,held,seen,speaker-subset,3,1,0.9764150943396226,0.004716981132075471,,0.9736775980941306,0.005111986357342325,,0.9753164481335276,0.003857076929930685,,0.9745520009378703,0.005681643328886662,
shd,official,practical:large-crc,held,unseen,speaker-subset,3,1,0.8041666666666666,0.006299035743012175,,0.8035230789075355,0.007878026423302289,,0.833400104930293,0.00846436298832341,,0.8087510368527077,0.006468129460341717,
shd,official,practical:large-crc,held,whole,speaker-subset,3,1,0.8364252061248528,0.005119357670999298,,0.8347349878484747,0.005919699656404293,,0.856797290716723,0.006548543409049869,,0.8379740374792298,0.005548306443586884,
shd,official,practical:lstm,held,seen,speaker-subset,3,1,0.934748427672956,0.009819179242764785,,0.9305033341632184,0.009220682489464277,,0.9355330209461149,0.009504411533980494,,0.9323523010967415,0.008565055338302244,
shd,official,practical:lstm,held,unseen,speaker-subset,3,1,0.8400362318840578,0.021673360654656047,,0.8339718474373905,0.021207235373964864,,0.859814455827412,0.01586069456836805,,0.8418631749417388,0.023410000460499288,
shd,official,practical:lstm,held,whole,speaker-subset,3,1,0.857773851590106,0.015796426450748823,,0.8517798198423275,0.016052166877223113,,0.8724933909294118,0.012820043613302965,,0.8565364504381311,0.017916210449828163,
shd,official,practical:transformer,held,seen,speaker-subset,3,1,0.9599056603773586,0.014150943396226412,,0.9578927447373039,0.016443528744183433,,0.9589655622800274,0.01571596529050975,,0.9599620959745273,0.015220936544093509,
shd,official,practical:transformer,held,unseen,speaker-subset,3,1,0.7903985507246377,0.042315753932499735,,0.7911776600137673,0.03934719037605329,,0.8275566646082023,0.01517998853670605,,0.7939941541256864,0.04150268780397041,
shd,official,practical:transformer,held,whole,speaker-subset,3,1,0.8221436984687868,0.036902998751140795,,0.8215376812985484,0.034103120855600015,,0.848416237026484,0.015637704280519884,,0.8224653942240967,0.03666104820565218,
shd,official,recurrence:crc:all,held,seen,speaker-subset,3,1,0.809748427672956,0.009819179242764785,,0.7896351947399208,0.011346118779268971,,0.7974320229271434,0.009629488759238225,,0.8019620832158939,0.009263643695544027,
shd,official,recurrence:crc:all,held,unseen,speaker-subset,3,1,0.7523550724637681,0.004426373812634259,,0.7435140288250602,0.004703221622966375,,0.7712600282849612,0.003654612991073578,,0.755600979578939,0.004438676096361558,
shd,official,recurrence:crc:all,held,whole,speaker-subset,3,1,0.7631036513545348,0.0051573262332558645,,0.7523328846502123,0.005365618189718539,,0.7720906339018366,0.005286967463356504,,0.7614223680674964,0.0051648322396704765,
shd,official,recurrence:crc:partial,held,seen,speaker-subset,3,1,0.8647798742138365,0.0036026538482357645,,0.8541373952986476,0.004613996478880905,,0.8593269799646667,0.0030860799649230688,,0.8604381978822259,0.005541208746162672,
shd,official,recurrence:crc:partial,held,unseen,speaker-subset,3,1,0.7463768115942028,0.012059013942494694,,0.7357700986751784,0.011530327498197155,,0.7598383576450721,0.007555719872765833,,0.7488249002646442,0.011866714259169124,
shd,official,recurrence:crc:partial,held,whole,speaker-subset,3,1,0.7685512367491166,0.0101205293616516,,0.7574867458794351,0.009429457665065184,,0.7763148660120495,0.005627957399843128,,0.7675096769146178,0.009807895870319154,
shd,official,recurrence:qrc:all,held,seen,speaker-subset,3,1,0.7822327044025158,0.016053913409325535,,0.7635804194802072,0.020084802778165427,,0.7761593603730415,0.01681783333263925,,0.776901056339962,0.017234508632789903,
shd,official,recurrence:qrc:all,held,unseen,speaker-subset,3,1,0.7101449275362319,0.014596548607596885,,0.7025825426968614,0.013379213685063568,,0.7383871657132404,0.010410161678745448,,0.7123671841055418,0.014420396680197135,
shd,official,recurrence:qrc:all,held,whole,speaker-subset,3,1,0.7236454652532393,0.010474191055260571,,0.7146092373503524,0.009571072455353451,,0.7409476884118434,0.006630531533545628,,0.7224130464340967,0.010158195863229835,
shd,official,recurrence:qrc:partial,held,seen,speaker-subset,3,1,0.8081761006289309,0.02229158314270095,,0.7915264846273772,0.023813778286491696,,0.8023890613361017,0.02260794425686244,,0.8014449636491742,0.022440899425317185,
shd,official,recurrence:qrc:partial,held,unseen,speaker-subset,3,1,0.7086956521739131,0.021279099946143378,,0.7003836624998291,0.021010447933142006,,0.7306922594167694,0.0264897020180789,,0.7107556187541969,0.02098653137109198,
shd,official,recurrence:qrc:partial,held,whole,speaker-subset,3,1,0.7273262661955241,0.021386182020111992,,0.71734313668677,0.021263932292193286,,0.7398344989766806,0.02515956011226324,,0.7258654287625572,0.02119915569359722,
