parameter,value,origin,usage,reference,reference_location
allocations,"[[4, 2], [6, 2], [6, 4], [8, 2], [8, 4], [8, 6]]",controlled-comparison,declared setting; selected values are in the selection table,,
anchors.crc.radius,0.9,"controlled-comparison, practical-default",declared setting; selected values are in the selection table,,
anchors.crc.scale,0.03,"controlled-comparison, practical-default",declared setting; selected values are in the selection table,,
anchors.crc.tau,20,"controlled-comparison, practical-default",declared setting; selected values are in the selection table,,
data.dvs.bin_us,50000,"controlled-comparison, practical-default",declared setting; selected values are in the selection table,,
data.dvs.confirmation_groups,"[1, 2, 3, 4]","controlled-comparison, practical-default",declared setting; selected values are in the selection table,,
data.dvs.grid,8,"controlled-comparison, practical-default",declared setting; selected values are in the selection table,,
data.shd.bin_us,10000,"controlled-comparison, practical-default",declared setting; selected values are in the selection table,,
data.shd.channels,32,"controlled-comparison, practical-default",declared setting; selected values are in the selection table,,
data.shd.confirmation_groups,"[0, 1]","controlled-comparison, practical-default",declared setting; selected values are in the selection table,,
data.shd.duration_us,1400000,"controlled-comparison, practical-default",declared setting; selected values are in the selection table,,
datasets.dvs.adapter,"""pca""",controlled-comparison,declared setting; selected values are in the selection table,,
datasets.dvs.depth,3,controlled-comparison,declared setting; selected values are in the selection table,,
datasets.dvs.segments,4,controlled-comparison,declared setting; selected values are in the selection table,,
datasets.shd.adapter,"""pooling""",controlled-comparison,declared setting; selected values are in the selection table,,
datasets.shd.depth,1,controlled-comparison,declared setting; selected values are in the selection table,,
datasets.shd.segments,8,controlled-comparison,declared setting; selected values are in the selection table,,
execution.cpu_threads,4,practical-default,declared setting; selected values are in the selection table,,
execution.crc_batch,128,practical-default,declared setting; selected values are in the selection table,,
execution.crc_device,"""cpu""",practical-default,declared setting; selected values are in the selection table,,
execution.crc_graphs,false,practical-default,declared setting; selected values are in the selection table,,
execution.device,"""cuda""",practical-default,declared setting; selected values are in the selection table,,
execution.gpu_threads,1,practical-default,declared setting; selected values are in the selection table,,
execution.job_seconds,120,practical-default,declared setting; selected values are in the selection table,,
execution.memory_fraction,0.75,practical-default,declared setting; selected values are in the selection table,,
execution.qrc_large,"""GPU""",practical-default,declared setting; selected values are in the selection table,,
execution.qrc_small,"""CPU""",practical-default,declared setting; selected values are in the selection table,,
execution.quantum_batch,1,practical-default,declared setting; selected values are in the selection table,,
folds,"[[2, 6], [3, 11], [7, 9], [8, 10]]",controlled-comparison,declared setting; selected values are in the selection table,,
method.classical_precision,"""float64""",practical-default,declared setting; selected values are in the selection table,,
method.crc_sparsity,0.5,practical-default,declared setting; selected values are in the selection table,,
method.encoding,"""amplitude-probabilities""",practical-default,declared setting; selected values are in the selection table,,
method.entanglement,"""cz-ring""",practical-default,declared setting; selected values are in the selection table,,
method.input_transform,"""log1p""",practical-default,declared setting; selected values are in the selection table,,
method.lsqr_iterations,"[1000, 5000]",practical-default,declared setting; selected values are in the selection table,,
method.lsqr_tolerance,0.001,practical-default,declared setting; selected values are in the selection table,,
method.observables,"[""x"", ""y"", ""z""]",practical-default,declared setting; selected values are in the selection table,,
method.probability_gain,0.5,practical-default,declared setting; selected values are in the selection table,,
method.projection_seed,42,practical-default,declared setting; selected values are in the selection table,,
method.quantum_precision,"""complex128""",practical-default,declared setting; selected values are in the selection table,,
method.reset,"""partial""",practical-default,declared setting; selected values are in the selection table,,
method.standardization,"""training-only""",practical-default,declared setting; selected values are in the selection table,,
method.summary,"""segment_mean_std_final""",practical-default,declared setting; selected values are in the selection table,,
method.summary_ddof,0,practical-default,declared setting; selected values are in the selection table,,
method.uploads,1,practical-default,declared setting; selected values are in the selection table,,
method.virtual_nodes,1,practical-default,declared setting; selected values are in the selection table,,
neural.lstm.betas,"[0.9, 0.999]",practical-default,declared setting; selected values are in the selection table,,
neural.lstm.epsilon,1e-07,practical-default,declared setting; selected values are in the selection table,,
neural.lstm.hidden_size,128,literature-informed,declared setting; selected values are in the selection table,https://arxiv.org/html/1910.07407v3,"Appendix B.2, LSTM networks"
neural.lstm.input_dropout,0.2,literature-informed,declared setting; selected values are in the selection table,https://arxiv.org/html/1910.07407v3,"Appendix B.2, LSTM networks"
neural.lstm.learning_rate,0.002,practical-default,declared setting; selected values are in the selection table,,
neural.lstm.output_dropout,0.2,practical-default,declared setting; selected values are in the selection table,,
neural.lstm.weight_decay,0.0,practical-default,declared setting; selected values are in the selection table,,
neural.transformer.dropout,0.1,practical-default,declared setting; selected values are in the selection table,,
neural.transformer.feedforward_size,128,practical-default,declared setting; selected values are in the selection table,,
neural.transformer.heads,4,practical-default,declared setting; selected values are in the selection table,,
neural.transformer.layers,2,practical-default,declared setting; selected values are in the selection table,,
neural.transformer.learning_rate,0.001,practical-default,declared setting; selected values are in the selection table,,
neural.transformer.weight_decay,0.01,practical-default,declared setting; selected values are in the selection table,,
neural.transformer.width,64,practical-default,declared setting; selected values are in the selection table,,
neural_recipes.lstm.dropout.input_dropout,0.4,practical-default,declared setting; selected values are in the selection table,,
neural_recipes.lstm.dropout.output_dropout,0.4,practical-default,declared setting; selected values are in the selection table,,
neural_recipes.lstm.regularization.weight_decay,0.0001,practical-default,declared setting; selected values are in the selection table,,
neural_recipes.transformer.dropout.dropout,0.3,practical-default,declared setting; selected values are in the selection table,,
neural_recipes.transformer.regularization.weight_decay,0.1,practical-default,declared setting; selected values are in the selection table,,
profiles.core,"[""comparison"", ""generalization""]",practical-default,declared setting; selected values are in the selection table,,
profiles.thesis,"[""comparison"", ""mapping"", ""observations"", ""recurrence"", ""generalization"", ""learning-curves""]",practical-default,declared setting; selected values are in the selection table,,
readout.lambdas,"[1e-05, 0.0001, 0.001, 0.01, 0.1, 1.0, 10.0]",controlled-comparison,declared setting; selected values are in the selection table,,
readout.solver,"""cholesky""",controlled-comparison,declared setting; selected values are in the selection table,,
search.depths,"[1, 2, 3]","practical-default, development-selected",declared setting; selected values are in the selection table,,
search.radii,"[0.5, 0.9]","practical-default, development-selected",declared setting; selected values are in the selection table,,
search.scales,"[0.03, 0.1, 1.0]","practical-default, development-selected",declared setting; selected values are in the selection table,,
search.timescales_ms,"[20, 60, 200]","practical-default, development-selected",declared setting; selected values are in the selection table,,
seeds,"[42, 44, 46]",controlled-comparison,declared setting; selected values are in the selection table,,
selection.equivalence,0.005,controlled-comparison,declared setting; selected values are in the selection table,,
selection.positive_folds,3,controlled-comparison,declared setting; selected values are in the selection table,,
selection.supported_gain,0.01,controlled-comparison,declared setting; selected values are in the selection table,,
supporting.learning_sizes,"[600, 2000]",practical-default,declared setting; selected values are in the selection table,,
supporting.mapping.anchors.dvs.crc2.inputs,2,"controlled-comparison, practical-default",declared setting; selected values are in the selection table,,
supporting.mapping.anchors.dvs.crc2.model,"""crc""","controlled-comparison, practical-default",declared setting; selected values are in the selection table,,
supporting.mapping.anchors.dvs.crc2.radius,0.9,"controlled-comparison, practical-default",declared setting; selected values are in the selection table,,
supporting.mapping.anchors.dvs.crc2.scale,0.03,"controlled-comparison, practical-default",declared setting; selected values are in the selection table,,
supporting.mapping.anchors.dvs.crc2.segments,4,"controlled-comparison, practical-default",declared setting; selected values are in the selection table,,
supporting.mapping.anchors.dvs.crc2.size,18,"controlled-comparison, practical-default",declared setting; selected values are in the selection table,,
supporting.mapping.anchors.dvs.crc2.summary,"""segment_mean_std_final""","controlled-comparison, practical-default",declared setting; selected values are in the selection table,,
supporting.mapping.anchors.dvs.crc2.tau,20,"controlled-comparison, practical-default",declared setting; selected values are in the selection table,,
supporting.mapping.anchors.dvs.crc2.view,"""all""","controlled-comparison, practical-default",declared setting; selected values are in the selection table,,
supporting.mapping.anchors.dvs.crc4.inputs,4,"controlled-comparison, practical-default",declared setting; selected values are in the selection table,,
supporting.mapping.anchors.dvs.crc4.model,"""crc""","controlled-comparison, practical-default",declared setting; selected values are in the selection table,,
supporting.mapping.anchors.dvs.crc4.radius,0.9,"controlled-comparison, practical-default",declared setting; selected values are in the selection table,,
supporting.mapping.anchors.dvs.crc4.scale,0.03,"controlled-comparison, practical-default",declared setting; selected values are in the selection table,,
supporting.mapping.anchors.dvs.crc4.segments,4,"controlled-comparison, practical-default",declared setting; selected values are in the selection table,,
supporting.mapping.anchors.dvs.crc4.size,18,"controlled-comparison, practical-default",declared setting; selected values are in the selection table,,
supporting.mapping.anchors.dvs.crc4.summary,"""segment_mean_std_final""","controlled-comparison, practical-default",declared setting; selected values are in the selection table,,
supporting.mapping.anchors.dvs.crc4.tau,20,"controlled-comparison, practical-default",declared setting; selected values are in the selection table,,
supporting.mapping.anchors.dvs.crc4.view,"""all""","controlled-comparison, practical-default",declared setting; selected values are in the selection table,,
supporting.mapping.anchors.dvs.qrc2.depth,1,"controlled-comparison, practical-default",declared setting; selected values are in the selection table,,
supporting.mapping.anchors.dvs.qrc2.inputs,2,"controlled-comparison, practical-default",declared setting; selected values are in the selection table,,
supporting.mapping.anchors.dvs.qrc2.model,"""qrc""","controlled-comparison, practical-default",declared setting; selected values are in the selection table,,
supporting.mapping.anchors.dvs.qrc2.qubits,6,"controlled-comparison, practical-default",declared setting; selected values are in the selection table,,
supporting.mapping.anchors.dvs.qrc2.segments,4,"controlled-comparison, practical-default",declared setting; selected values are in the selection table,,
supporting.mapping.anchors.dvs.qrc2.summary,"""segment_mean_std_final""","controlled-comparison, practical-default",declared setting; selected values are in the selection table,,
supporting.mapping.anchors.dvs.qrc2.view,"""all""","controlled-comparison, practical-default",declared setting; selected values are in the selection table,,
supporting.mapping.anchors.dvs.qrc4.depth,1,"controlled-comparison, practical-default",declared setting; selected values are in the selection table,,
supporting.mapping.anchors.dvs.qrc4.inputs,4,"controlled-comparison, practical-default",declared setting; selected values are in the selection table,,
supporting.mapping.anchors.dvs.qrc4.model,"""qrc""","controlled-comparison, practical-default",declared setting; selected values are in the selection table,,
supporting.mapping.anchors.dvs.qrc4.qubits,6,"controlled-comparison, practical-default",declared setting; selected values are in the selection table,,
supporting.mapping.anchors.dvs.qrc4.segments,4,"controlled-comparison, practical-default",declared setting; selected values are in the selection table,,
supporting.mapping.anchors.dvs.qrc4.summary,"""segment_mean_std_final""","controlled-comparison, practical-default",declared setting; selected values are in the selection table,,
supporting.mapping.anchors.dvs.qrc4.view,"""all""","controlled-comparison, practical-default",declared setting; selected values are in the selection table,,
supporting.mapping.anchors.shd.crc2.inputs,2,"controlled-comparison, practical-default",declared setting; selected values are in the selection table,,
supporting.mapping.anchors.shd.crc2.model,"""crc""","controlled-comparison, practical-default",declared setting; selected values are in the selection table,,
supporting.mapping.anchors.shd.crc2.radius,0.9,"controlled-comparison, practical-default",declared setting; selected values are in the selection table,,
supporting.mapping.anchors.shd.crc2.scale,0.03,"controlled-comparison, practical-default",declared setting; selected values are in the selection table,,
supporting.mapping.anchors.shd.crc2.segments,8,"controlled-comparison, practical-default",declared setting; selected values are in the selection table,,
supporting.mapping.anchors.shd.crc2.size,18,"controlled-comparison, practical-default",declared setting; selected values are in the selection table,,
supporting.mapping.anchors.shd.crc2.summary,"""segment_mean_std_final""","controlled-comparison, practical-default",declared setting; selected values are in the selection table,,
supporting.mapping.anchors.shd.crc2.tau,20,"controlled-comparison, practical-default",declared setting; selected values are in the selection table,,
supporting.mapping.anchors.shd.crc2.view,"""all""","controlled-comparison, practical-default",declared setting; selected values are in the selection table,,
supporting.mapping.anchors.shd.crc4.inputs,4,"controlled-comparison, practical-default",declared setting; selected values are in the selection table,,
supporting.mapping.anchors.shd.crc4.model,"""crc""","controlled-comparison, practical-default",declared setting; selected values are in the selection table,,
supporting.mapping.anchors.shd.crc4.radius,0.9,"controlled-comparison, practical-default",declared setting; selected values are in the selection table,,
supporting.mapping.anchors.shd.crc4.scale,0.03,"controlled-comparison, practical-default",declared setting; selected values are in the selection table,,
supporting.mapping.anchors.shd.crc4.segments,8,"controlled-comparison, practical-default",declared setting; selected values are in the selection table,,
supporting.mapping.anchors.shd.crc4.size,18,"controlled-comparison, practical-default",declared setting; selected values are in the selection table,,
supporting.mapping.anchors.shd.crc4.summary,"""segment_mean_std_final""","controlled-comparison, practical-default",declared setting; selected values are in the selection table,,
supporting.mapping.anchors.shd.crc4.tau,20,"controlled-comparison, practical-default",declared setting; selected values are in the selection table,,
supporting.mapping.anchors.shd.crc4.view,"""all""","controlled-comparison, practical-default",declared setting; selected values are in the selection table,,
supporting.mapping.anchors.shd.qrc2.depth,1,"controlled-comparison, practical-default",declared setting; selected values are in the selection table,,
supporting.mapping.anchors.shd.qrc2.inputs,2,"controlled-comparison, practical-default",declared setting; selected values are in the selection table,,
supporting.mapping.anchors.shd.qrc2.model,"""qrc""","controlled-comparison, practical-default",declared setting; selected values are in the selection table,,
supporting.mapping.anchors.shd.qrc2.qubits,6,"controlled-comparison, practical-default",declared setting; selected values are in the selection table,,
supporting.mapping.anchors.shd.qrc2.segments,8,"controlled-comparison, practical-default",declared setting; selected values are in the selection table,,
supporting.mapping.anchors.shd.qrc2.summary,"""segment_mean_std_final""","controlled-comparison, practical-default",declared setting; selected values are in the selection table,,
supporting.mapping.anchors.shd.qrc2.view,"""all""","controlled-comparison, practical-default",declared setting; selected values are in the selection table,,
supporting.mapping.anchors.shd.qrc4.depth,1,"controlled-comparison, practical-default",declared setting; selected values are in the selection table,,
supporting.mapping.anchors.shd.qrc4.inputs,4,"controlled-comparison, practical-default",declared setting; selected values are in the selection table,,
supporting.mapping.anchors.shd.qrc4.model,"""qrc""","controlled-comparison, practical-default",declared setting; selected values are in the selection table,,
supporting.mapping.anchors.shd.qrc4.qubits,6,"controlled-comparison, practical-default",declared setting; selected values are in the selection table,,
supporting.mapping.anchors.shd.qrc4.segments,8,"controlled-comparison, practical-default",declared setting; selected values are in the selection table,,
supporting.mapping.anchors.shd.qrc4.summary,"""segment_mean_std_final""","controlled-comparison, practical-default",declared setting; selected values are in the selection table,,
supporting.mapping.anchors.shd.qrc4.view,"""all""","controlled-comparison, practical-default",declared setting; selected values are in the selection table,,
supporting.mapping.modes,"[""legacy"", ""orthogonal"", ""pooling"", ""pca""]","controlled-comparison, practical-default",declared setting; selected values are in the selection table,,
supporting.mapping.projection_seeds,"[42, 44, 46]","controlled-comparison, practical-default",declared setting; selected values are in the selection table,,
supporting.mapping.widths,"[2, 4]","controlled-comparison, practical-default",declared setting; selected values are in the selection table,,
supporting.observations.dvs.crc2.inputs,2,controlled-comparison,declared setting; selected values are in the selection table,,
supporting.observations.dvs.crc2.model,"""crc""",controlled-comparison,declared setting; selected values are in the selection table,,
supporting.observations.dvs.crc2.radius,0.5,controlled-comparison,declared setting; selected values are in the selection table,,
supporting.observations.dvs.crc2.scale,0.1,controlled-comparison,declared setting; selected values are in the selection table,,
supporting.observations.dvs.crc2.size,18,controlled-comparison,declared setting; selected values are in the selection table,,
supporting.observations.dvs.crc2.tau,20,controlled-comparison,declared setting; selected values are in the selection table,,
supporting.observations.dvs.crc2.view,"""all""",controlled-comparison,declared setting; selected values are in the selection table,,
supporting.observations.dvs.crc4.inputs,4,controlled-comparison,declared setting; selected values are in the selection table,,
supporting.observations.dvs.crc4.model,"""crc""",controlled-comparison,declared setting; selected values are in the selection table,,
supporting.observations.dvs.crc4.radius,0.9,controlled-comparison,declared setting; selected values are in the selection table,,
supporting.observations.dvs.crc4.scale,1.0,controlled-comparison,declared setting; selected values are in the selection table,,
supporting.observations.dvs.crc4.size,18,controlled-comparison,declared setting; selected values are in the selection table,,
supporting.observations.dvs.crc4.tau,60,controlled-comparison,declared setting; selected values are in the selection table,,
supporting.observations.dvs.crc4.view,"""all""",controlled-comparison,declared setting; selected values are in the selection table,,
supporting.observations.dvs.qrc2.depth,3,controlled-comparison,declared setting; selected values are in the selection table,,
supporting.observations.dvs.qrc2.inputs,2,controlled-comparison,declared setting; selected values are in the selection table,,
supporting.observations.dvs.qrc2.model,"""qrc""",controlled-comparison,declared setting; selected values are in the selection table,,
supporting.observations.dvs.qrc2.qubits,6,controlled-comparison,declared setting; selected values are in the selection table,,
supporting.observations.dvs.qrc2.view,"""all""",controlled-comparison,declared setting; selected values are in the selection table,,
supporting.observations.dvs.qrc4.depth,3,controlled-comparison,declared setting; selected values are in the selection table,,
supporting.observations.dvs.qrc4.inputs,4,controlled-comparison,declared setting; selected values are in the selection table,,
supporting.observations.dvs.qrc4.model,"""qrc""",controlled-comparison,declared setting; selected values are in the selection table,,
supporting.observations.dvs.qrc4.qubits,6,controlled-comparison,declared setting; selected values are in the selection table,,
supporting.observations.dvs.qrc4.view,"""all""",controlled-comparison,declared setting; selected values are in the selection table,,
supporting.observations.shd.crc2.inputs,2,controlled-comparison,declared setting; selected values are in the selection table,,
supporting.observations.shd.crc2.model,"""crc""",controlled-comparison,declared setting; selected values are in the selection table,,
supporting.observations.shd.crc2.radius,0.9,controlled-comparison,declared setting; selected values are in the selection table,,
supporting.observations.shd.crc2.scale,0.03,controlled-comparison,declared setting; selected values are in the selection table,,
supporting.observations.shd.crc2.size,18,controlled-comparison,declared setting; selected values are in the selection table,,
supporting.observations.shd.crc2.tau,20,controlled-comparison,declared setting; selected values are in the selection table,,
supporting.observations.shd.crc2.view,"""all""",controlled-comparison,declared setting; selected values are in the selection table,,
supporting.observations.shd.crc4.inputs,4,controlled-comparison,declared setting; selected values are in the selection table,,
supporting.observations.shd.crc4.model,"""crc""",controlled-comparison,declared setting; selected values are in the selection table,,
supporting.observations.shd.crc4.radius,0.9,controlled-comparison,declared setting; selected values are in the selection table,,
supporting.observations.shd.crc4.scale,0.03,controlled-comparison,declared setting; selected values are in the selection table,,
supporting.observations.shd.crc4.size,18,controlled-comparison,declared setting; selected values are in the selection table,,
supporting.observations.shd.crc4.tau,20,controlled-comparison,declared setting; selected values are in the selection table,,
supporting.observations.shd.crc4.view,"""all""",controlled-comparison,declared setting; selected values are in the selection table,,
supporting.observations.shd.qrc2.depth,1,controlled-comparison,declared setting; selected values are in the selection table,,
supporting.observations.shd.qrc2.inputs,2,controlled-comparison,declared setting; selected values are in the selection table,,
supporting.observations.shd.qrc2.model,"""qrc""",controlled-comparison,declared setting; selected values are in the selection table,,
supporting.observations.shd.qrc2.qubits,6,controlled-comparison,declared setting; selected values are in the selection table,,
supporting.observations.shd.qrc2.view,"""all""",controlled-comparison,declared setting; selected values are in the selection table,,
supporting.observations.shd.qrc4.depth,1,controlled-comparison,declared setting; selected values are in the selection table,,
supporting.observations.shd.qrc4.inputs,4,controlled-comparison,declared setting; selected values are in the selection table,,
supporting.observations.shd.qrc4.model,"""qrc""",controlled-comparison,declared setting; selected values are in the selection table,,
supporting.observations.shd.qrc4.qubits,6,controlled-comparison,declared setting; selected values are in the selection table,,
supporting.observations.shd.qrc4.view,"""all""",controlled-comparison,declared setting; selected values are in the selection table,,
supporting.practical.dvs.large_crc.radius,0.9,"controlled-comparison, practical-default",declared setting; selected values are in the selection table,,
supporting.practical.dvs.large_crc.scale,0.03,"controlled-comparison, practical-default",declared setting; selected values are in the selection table,,
supporting.practical.dvs.large_crc.size,256,"controlled-comparison, practical-default",declared setting; selected values are in the selection table,,
supporting.practical.dvs.large_crc.tau,20,"controlled-comparison, practical-default",declared setting; selected values are in the selection table,,
supporting.practical.shd.large_crc.radius,0.9,"controlled-comparison, practical-default",declared setting; selected values are in the selection table,,
supporting.practical.shd.large_crc.scale,0.03,"controlled-comparison, practical-default",declared setting; selected values are in the selection table,,
supporting.practical.shd.large_crc.size,256,"controlled-comparison, practical-default",declared setting; selected values are in the selection table,,
supporting.practical.shd.large_crc.tau,20,"controlled-comparison, practical-default",declared setting; selected values are in the selection table,,
supporting.preprocessing.max_epochs,80,practical-default,declared setting; selected values are in the selection table,,
supporting.preprocessing.patience,10,practical-default,declared setting; selected values are in the selection table,,
supporting.preprocessing.representations.original_log.bin_us,10000,practical-default,declared setting; selected values are in the selection table,,
supporting.preprocessing.representations.original_log.channels,32,practical-default,declared setting; selected values are in the selection table,,
supporting.preprocessing.representations.original_log.values,"""log1p""",practical-default,declared setting; selected values are in the selection table,,
supporting.preprocessing.representations.paper_counts.bin_us,10000,practical-default,declared setting; selected values are in the selection table,,
supporting.preprocessing.representations.paper_counts.channels,700,practical-default,declared setting; selected values are in the selection table,,
supporting.preprocessing.representations.paper_counts.values,"""count""",practical-default,declared setting; selected values are in the selection table,,
supporting.preprocessing.representations.selected_log.bin_us,20000,practical-default,declared setting; selected values are in the selection table,,
supporting.preprocessing.representations.selected_log.channels,16,practical-default,declared setting; selected values are in the selection table,,
supporting.preprocessing.representations.selected_log.values,"""log1p""",practical-default,declared setting; selected values are in the selection table,,
supporting.recurrence.dvs.crc.inputs,4,controlled-comparison,declared setting; selected values are in the selection table,,
supporting.recurrence.dvs.crc.model,"""crc""",controlled-comparison,declared setting; selected values are in the selection table,,
supporting.recurrence.dvs.crc.radius,0.9,controlled-comparison,declared setting; selected values are in the selection table,,
supporting.recurrence.dvs.crc.scale,1.0,controlled-comparison,declared setting; selected values are in the selection table,,
supporting.recurrence.dvs.crc.size,18,controlled-comparison,declared setting; selected values are in the selection table,,
supporting.recurrence.dvs.crc.tau,60,controlled-comparison,declared setting; selected values are in the selection table,,
supporting.recurrence.dvs.crc.view,"""all""",controlled-comparison,declared setting; selected values are in the selection table,,
supporting.recurrence.dvs.qrc.depth,3,controlled-comparison,declared setting; selected values are in the selection table,,
supporting.recurrence.dvs.qrc.inputs,4,controlled-comparison,declared setting; selected values are in the selection table,,
supporting.recurrence.dvs.qrc.model,"""qrc""",controlled-comparison,declared setting; selected values are in the selection table,,
supporting.recurrence.dvs.qrc.qubits,6,controlled-comparison,declared setting; selected values are in the selection table,,
supporting.recurrence.dvs.qrc.view,"""all""",controlled-comparison,declared setting; selected values are in the selection table,,
supporting.recurrence.shd.crc.inputs,4,controlled-comparison,declared setting; selected values are in the selection table,,
supporting.recurrence.shd.crc.model,"""crc""",controlled-comparison,declared setting; selected values are in the selection table,,
supporting.recurrence.shd.crc.radius,0.5,controlled-comparison,declared setting; selected values are in the selection table,,
supporting.recurrence.shd.crc.scale,1.0,controlled-comparison,declared setting; selected values are in the selection table,,
supporting.recurrence.shd.crc.size,18,controlled-comparison,declared setting; selected values are in the selection table,,
supporting.recurrence.shd.crc.tau,20,controlled-comparison,declared setting; selected values are in the selection table,,
supporting.recurrence.shd.crc.view,"""all""",controlled-comparison,declared setting; selected values are in the selection table,,
supporting.recurrence.shd.qrc.depth,2,controlled-comparison,declared setting; selected values are in the selection table,,
supporting.recurrence.shd.qrc.inputs,4,controlled-comparison,declared setting; selected values are in the selection table,,
supporting.recurrence.shd.qrc.model,"""qrc""",controlled-comparison,declared setting; selected values are in the selection table,,
supporting.recurrence.shd.qrc.qubits,6,controlled-comparison,declared setting; selected values are in the selection table,,
supporting.recurrence.shd.qrc.view,"""all""",controlled-comparison,declared setting; selected values are in the selection table,,
training.batch_size,128,practical-default,declared setting; selected values are in the selection table,,
training.cpu_threads,4,practical-default,declared setting; selected values are in the selection table,,
training.gradient_clip,1.0,practical-default,declared setting; selected values are in the selection table,,
training.max_epochs,120,practical-default,declared setting; selected values are in the selection table,,
training.min_delta,0.001,practical-default,declared setting; selected values are in the selection table,,
training.min_epochs,20,practical-default,declared setting; selected values are in the selection table,,
training.patience,15,practical-default,declared setting; selected values are in the selection table,,
