dataset,phase,role,configuration,candidate_count,lambda,macro_f1,boundary_values,equivalence,adoption,settings
shd,development,comparison:fixed12:q4-i2-crc,e1ef57a0d034ee8456842647dfc5fd4611cc13074e979c96bcdb6b0be7db81a0,1,0.1,0.38936600968932766,{},0.005,{},"{'inputs': 2, 'model': 'crc', 'radius': 0.9, 'scale': 0.03, 'size': 12, 'tau': 20, 'view': 'all'}"
shd,development,comparison:fixed12:q4-i2-qrc,55e4a37bc4a0e5b13f78125749f642e09718d5669df4e5bc33a35eafbcedb0bd,1,0.1,0.39956705444702223,{},0.005,{},"{'depth': 1, 'inputs': 2, 'model': 'qrc', 'qubits': 4, 'view': 'fixed12'}"
shd,development,comparison:fixed12:q6-i2-crc,e1ef57a0d034ee8456842647dfc5fd4611cc13074e979c96bcdb6b0be7db81a0,1,0.1,0.38936600968932766,{},0.005,{},"{'inputs': 2, 'model': 'crc', 'radius': 0.9, 'scale': 0.03, 'size': 12, 'tau': 20, 'view': 'all'}"
shd,development,comparison:fixed12:q6-i2-qrc,39eaa30489d4e725da580e31d9c85bd24a9788601f4cb85dc21d208c4cc916ad,1,0.1,0.39580080518817534,{},0.005,{},"{'depth': 1, 'inputs': 2, 'model': 'qrc', 'qubits': 6, 'view': 'fixed12'}"
shd,development,comparison:fixed12:q6-i4-crc,8b55c4405506bc881a2bad09cc92b1f3563c497ff513f3388fd7289d761e1d0d,1,0.1,0.4799921009061208,{},0.005,{},"{'inputs': 4, 'model': 'crc', 'radius': 0.9, 'scale': 0.03, 'size': 12, 'tau': 20, 'view': 'all'}"
shd,development,comparison:fixed12:q6-i4-qrc,4be9869701b60845f11bd96cd9f4523c00c48b03759262c436b9e31581426c1c,1,0.1,0.4636102614578874,{},0.005,{},"{'depth': 1, 'inputs': 4, 'model': 'qrc', 'qubits': 6, 'view': 'fixed12'}"
shd,development,comparison:fixed12:q8-i2-crc,e1ef57a0d034ee8456842647dfc5fd4611cc13074e979c96bcdb6b0be7db81a0,1,0.1,0.38936600968932766,{},0.005,{},"{'inputs': 2, 'model': 'crc', 'radius': 0.9, 'scale': 0.03, 'size': 12, 'tau': 20, 'view': 'all'}"
shd,development,comparison:fixed12:q8-i2-qrc,45b2568122c77c7bee9764ba82042f9aeb6ba5a6bce5bae331c361b5a7634f0c,1,0.1,0.38547988331198063,{},0.005,{},"{'depth': 1, 'inputs': 2, 'model': 'qrc', 'qubits': 8, 'view': 'fixed12'}"
shd,development,comparison:fixed12:q8-i4-crc,8b55c4405506bc881a2bad09cc92b1f3563c497ff513f3388fd7289d761e1d0d,1,0.1,0.4799921009061208,{},0.005,{},"{'inputs': 4, 'model': 'crc', 'radius': 0.9, 'scale': 0.03, 'size': 12, 'tau': 20, 'view': 'all'}"
shd,development,comparison:fixed12:q8-i4-qrc,3a1b12a50a6e3d5f4202eea80f4da03cd8a223b9d832097a952f0585206b3cf5,1,0.1,0.4400014289484448,{},0.005,{},"{'depth': 1, 'inputs': 4, 'model': 'qrc', 'qubits': 8, 'view': 'fixed12'}"
shd,development,comparison:fixed12:q8-i6-crc,03d7e0196801b53203583dca70e052c1e92babda4fa7c2eaaca698c0db6bc1de,1,0.01,0.5231504843396034,{},0.005,{},"{'inputs': 6, 'model': 'crc', 'radius': 0.9, 'scale': 0.03, 'size': 12, 'tau': 20, 'view': 'all'}"
shd,development,comparison:fixed12:q8-i6-qrc,61637473b66bdfa39e04aba5b69db2753c5418faf8748f83ed690ef7acf8bdc4,1,0.1,0.40580930420432026,{},0.005,{},"{'depth': 1, 'inputs': 6, 'model': 'qrc', 'qubits': 8, 'view': 'fixed12'}"
shd,development,comparison:fixed:q4-i2-crc,e1ef57a0d034ee8456842647dfc5fd4611cc13074e979c96bcdb6b0be7db81a0,1,0.1,0.38936600968932766,{},0.005,{},"{'inputs': 2, 'model': 'crc', 'radius': 0.9, 'scale': 0.03, 'size': 12, 'tau': 20, 'view': 'all'}"
shd,development,comparison:fixed:q4-i2-qrc,c2e4c5b02d7109424baf51b8e65d6cdcb970e110d6e59eec3347466ffd8228b6,1,0.1,0.39956705444702223,{},0.005,{},"{'depth': 1, 'inputs': 2, 'model': 'qrc', 'qubits': 4, 'view': 'all'}"
shd,development,comparison:fixed:q6-i2-crc,1824bbb7cdb251cbeae34ea1c0e3712c3dd0d7a5c191fb4488a940b52f983512,1,0.01,0.38925830982801307,{},0.005,{},"{'inputs': 2, 'model': 'crc', 'radius': 0.9, 'scale': 0.03, 'size': 18, 'tau': 20, 'view': 'all'}"
shd,development,comparison:fixed:q6-i2-qrc,2186605421a629793dfc2ae05c200188e6ed17cf1e293365605c3fedfca8b41f,1,0.1,0.40838475035226235,{},0.005,{},"{'depth': 1, 'inputs': 2, 'model': 'qrc', 'qubits': 6, 'view': 'all'}"
shd,development,comparison:fixed:q6-i4-crc,f7af82bc7213188d9c6cd0bc412515da79eb2c69f28c3cf2012c79eaa1f094f4,1,0.01,0.46053832559546803,{},0.005,{},"{'inputs': 4, 'model': 'crc', 'radius': 0.9, 'scale': 0.03, 'size': 18, 'tau': 20, 'view': 'all'}"
shd,development,comparison:fixed:q6-i4-qrc,794ecd2c0417fbfdff12cd84cae6ac6a875dd96fa43144394df2d985029a235d,1,0.1,0.4987917742386257,{},0.005,{},"{'depth': 1, 'inputs': 4, 'model': 'qrc', 'qubits': 6, 'view': 'all'}"
shd,development,comparison:fixed:q8-i2-crc,5aa7bd7ccfb3cb67e7de7a165c3e92e2f7a15e3bf7b7e1de97ec4fe541f65007,1,0.01,0.4021207275647858,{},0.005,{},"{'inputs': 2, 'model': 'crc', 'radius': 0.9, 'scale': 0.03, 'size': 24, 'tau': 20, 'view': 'all'}"
shd,development,comparison:fixed:q8-i2-qrc,f2ee816b29542809fe48d93a21d80b7efc79430a373bfd890efac55b4c83a114,1,0.1,0.39111640134093345,{},0.005,{},"{'depth': 1, 'inputs': 2, 'model': 'qrc', 'qubits': 8, 'view': 'all'}"
shd,development,comparison:fixed:q8-i4-crc,fe0fed97d42e19e685b217dd8a69423375728936e22411bb0e2668b3d1faeb43,1,0.1,0.4633199535228432,{},0.005,{},"{'inputs': 4, 'model': 'crc', 'radius': 0.9, 'scale': 0.03, 'size': 24, 'tau': 20, 'view': 'all'}"
shd,development,comparison:fixed:q8-i4-qrc,4d2e11168f77112185ac3d8df9848508947c3ebc02b118d4c2f81aa1f4caf5a4,1,0.1,0.48224745113872164,{},0.005,{},"{'depth': 1, 'inputs': 4, 'model': 'qrc', 'qubits': 8, 'view': 'all'}"
shd,development,comparison:fixed:q8-i6-crc,5eea900e7bfb47cdf024b3a63d426d7f94133ef6665310ed377403f92fcfbfa3,1,0.1,0.5308766728183059,{},0.005,{},"{'inputs': 6, 'model': 'crc', 'radius': 0.9, 'scale': 0.03, 'size': 24, 'tau': 20, 'view': 'all'}"
shd,development,comparison:fixed:q8-i6-qrc,8df85e01c90e923b8ee61cc39373e160fe77c20bbcefb9d266b07200adcd14ee,1,0.1,0.560047980981332,{},0.005,{},"{'depth': 1, 'inputs': 6, 'model': 'qrc', 'qubits': 8, 'view': 'all'}"
shd,development,comparison:projection:i2,b7c8a2187e8ac5763a6bbf7b0b1df4b11583131fa0c5dbc34f9b1d33caacf4d8,1,0.1,0.4091164385688288,{},0.005,{},"{'inputs': 2, 'model': 'projection', 'view': 'all'}"
shd,development,comparison:projection:i4,0ad936492ed758b3291f29f895e1e2ab0665bd8fbf5d37af9767c54f67e25313,1,0.1,0.4730554411582182,{},0.005,{},"{'inputs': 4, 'model': 'projection', 'view': 'all'}"
shd,development,comparison:projection:i6,1b2230ae1f16245cf27f0002dd0af81d0780fb1f1ef46751fd42ed7956892027,1,0.1,0.5582749631945328,{},0.005,{},"{'inputs': 6, 'model': 'projection', 'view': 'all'}"
shd,development,comparison:tuned:q4-i2-crc,f3e1e9997411738fc9df7d753eadebf54c6c08214caf16d074787805d0fcb293,18,0.0001,0.48920682728052695,"{'radius': 'lower', 'scale': 'upper'}",0.005,{},"{'inputs': 2, 'model': 'crc', 'radius': 0.5, 'scale': 1.0, 'size': 12, 'tau': 60, 'view': 'all'}"
shd,development,comparison:tuned:q4-i2-qrc,1db1c207d39957ec13e0a048f67a067d7fb148b7f0371cccd49164a1ef98f7f2,3,0.001,0.49290406322452873,{},0.005,{},"{'depth': 2, 'inputs': 2, 'model': 'qrc', 'qubits': 4, 'view': 'all'}"
shd,development,comparison:tuned:q6-i2-crc,888f984ba00d2c26f7d40bb8009698c2d781f5874900d14bfcdd33a22d235954,18,0.001,0.49429346606249375,"{'radius': 'lower', 'scale': 'upper', 'tau': 'lower'}",0.005,{},"{'inputs': 2, 'model': 'crc', 'radius': 0.5, 'scale': 1.0, 'size': 18, 'tau': 20, 'view': 'all'}"
shd,development,comparison:tuned:q6-i2-qrc,779f7cadce6d8791182d3bfe42654f214cbedf3fb7a36ea419b64dc3925a0ec9,3,0.01,0.4497204479040713,{'depth': 'upper'},0.005,{},"{'depth': 3, 'inputs': 2, 'model': 'qrc', 'qubits': 6, 'view': 'all'}"
shd,development,comparison:tuned:q6-i4-crc,9f58dd5db7a6a7048b221d92bfb45c2b75c243f66619bd2f551f313d0f93e7c9,18,0.001,0.5356430001825422,"{'radius': 'lower', 'scale': 'upper', 'tau': 'lower'}",0.005,{},"{'inputs': 4, 'model': 'crc', 'radius': 0.5, 'scale': 1.0, 'size': 18, 'tau': 20, 'view': 'all'}"
shd,development,comparison:tuned:q6-i4-qrc,bc804b7297583326a51df4df4045d1a135fd94e65755d50fb3cf33c8d782cd0a,3,0.1,0.5296811339645452,{},0.005,{},"{'depth': 2, 'inputs': 4, 'model': 'qrc', 'qubits': 6, 'view': 'all'}"
shd,development,comparison:tuned:q8-i2-crc,a357bf67d14c2c6f2a3c2278b1ce80793b830a411b63edfbe325e48a1cc28850,18,0.001,0.49954120076763436,"{'radius': 'lower', 'scale': 'upper', 'tau': 'lower'}",0.005,{},"{'inputs': 2, 'model': 'crc', 'radius': 0.5, 'scale': 1.0, 'size': 24, 'tau': 20, 'view': 'all'}"
shd,development,comparison:tuned:q8-i2-qrc,3e19df15055f851cc0143e9b9a1dc2f75b7011164a98f2eec6846efead36651d,3,0.1,0.47320141499368584,{'depth': 'upper'},0.005,{},"{'depth': 3, 'inputs': 2, 'model': 'qrc', 'qubits': 8, 'view': 'all'}"
shd,development,comparison:tuned:q8-i4-crc,4f9f85a32c066b9c2d3cab8c4d261553e762fae1287ee1f3e8c465f62865928b,18,0.0001,0.5402652102307687,"{'radius': 'lower', 'scale': 'upper'}",0.005,{},"{'inputs': 4, 'model': 'crc', 'radius': 0.5, 'scale': 1.0, 'size': 24, 'tau': 60, 'view': 'all'}"
shd,development,comparison:tuned:q8-i4-qrc,7d14a39d5fd238493fa586e279ade90de4b7b1d0eeb8b8bdd7c990fba8c0b6e6,3,0.1,0.530613493837533,{'depth': 'upper'},0.005,{},"{'depth': 3, 'inputs': 4, 'model': 'qrc', 'qubits': 8, 'view': 'all'}"
shd,development,comparison:tuned:q8-i6-crc,63289a1525df0134c30aa4ae088ae1eff9e13540ad2e3a5ed43b9af23a8813c8,18,1.0,0.5800465086389923,"{'radius': 'lower', 'tau': 'lower'}",0.005,{},"{'inputs': 6, 'model': 'crc', 'radius': 0.5, 'scale': 0.1, 'size': 24, 'tau': 20, 'view': 'all'}"
shd,development,comparison:tuned:q8-i6-qrc,b30a18509a2788bd448a44aab382fc06f2d4030d5767ad74032fad34399e6289,3,0.1,0.5933886399104005,{'depth': 'upper'},0.005,{},"{'depth': 3, 'inputs': 6, 'model': 'qrc', 'qubits': 8, 'view': 'all'}"
shd,mapping-screen,mapping:screen:i2:legacy,0ae387697ce65aff235dea6da8d2a30ac1baf57a6ba05b4960235c3483bef0fc,1,0.1,0.27309279914293005,{},0.005,{},"{'adapter': 'legacy', 'inputs': 2, 'model': 'projection', 'solver': 'lsqr'}"
shd,mapping-screen,mapping:screen:i2:orthogonal,a898f568300f096ad875fdfccdcfb3f17e12a310dba06281a3a8106c88923d12,1,0.1,0.264819342157599,{},0.005,{},"{'adapter': 'orthogonal', 'inputs': 2, 'model': 'projection', 'solver': 'lsqr'}"
shd,mapping-screen,mapping:screen:i2:pca,ae7fcbb27713c7cf1848374aa98c4a3677eb5e822e0bb7b3106d6399decf1546,1,0.1,0.33830113513115095,{},0.005,{},"{'adapter': 'pca', 'inputs': 2, 'model': 'projection', 'solver': 'lsqr'}"
shd,mapping-screen,mapping:screen:i2:pooling,d30992162beef8288b717779537e42218c698f308cf80017077d5f9b00dc5fac,1,0.1,0.4090677903681466,{},0.005,{},"{'adapter': 'pooling', 'inputs': 2, 'model': 'projection', 'solver': 'lsqr'}"
shd,mapping-screen,mapping:screen:i4:legacy,7759e9d309b30836c7e544e2361ad0795f25fad76d16b16fafaa1c37943e6bd6,1,0.1,0.35206475149444505,{},0.005,{},"{'adapter': 'legacy', 'inputs': 4, 'model': 'projection', 'solver': 'lsqr'}"
shd,mapping-screen,mapping:screen:i4:orthogonal,2b64661db5375dbc7fe4febaea38932cacce747e69ceb74608ca55962b18b169,1,0.1,0.3454141504691667,{},0.005,{},"{'adapter': 'orthogonal', 'inputs': 4, 'model': 'projection', 'solver': 'lsqr'}"
shd,mapping-screen,mapping:screen:i4:pca,bb5cca45a140f886d985cfa0aa7c4cc7591267bb743fe991db52b5bf816b8d75,1,0.1,0.44512653546590164,{},0.005,{},"{'adapter': 'pca', 'inputs': 4, 'model': 'projection', 'solver': 'lsqr'}"
shd,mapping-screen,mapping:screen:i4:pooling,0ecf34cc8f4e60eaf5d3384b3c7b6f9034e5b246a94ce9db67f1f3af167a575c,1,0.1,0.4722832106692897,{},0.005,{},"{'adapter': 'pooling', 'inputs': 4, 'model': 'projection', 'solver': 'lsqr'}"
shd,development,observations:crc2:all,1fd36ce890b4ce3067724eeb1ad5e75675b3750d401261ad6bf5541d3bd0fec1,1,0.01,0.3904541590663874,{},0.005,{},"{'inputs': 2, 'model': 'crc', 'radius': 0.9, 'scale': 0.03, 'size': 18, 'solver': 'lsqr', 'tau': 20, 'view': 'all'}"
shd,development,observations:crc2:products,6ae66d35da54d00c5e70f9782333548ed628bc7c7270ab0a2c8624787a3f6142,1,0.1,0.38795374965999635,{},0.005,{},"{'inputs': 2, 'model': 'crc', 'radius': 0.9, 'scale': 0.03, 'size': 18, 'solver': 'lsqr', 'tau': 20, 'view': 'products'}"
shd,development,observations:crc2:width24,ab7086fd6010d2f3afa5bc78572088a815d8b948112d9953fead54d908534cfa,1,0.01,0.40232148205648505,{},0.005,{},"{'inputs': 2, 'model': 'crc', 'radius': 0.9, 'scale': 0.03, 'size': 24, 'solver': 'lsqr', 'tau': 20, 'view': 'all'}"
shd,development,observations:crc4:all,873b417ea25cd86e44b4adaf1cced3b2c3bb39bf4f5d659358001461e8007f4e,1,0.01,0.4595105350640501,{},0.005,{},"{'inputs': 4, 'model': 'crc', 'radius': 0.9, 'scale': 0.03, 'size': 18, 'solver': 'lsqr', 'tau': 20, 'view': 'all'}"
shd,development,observations:crc4:products,2e8913309b4e3bcf9c2af09c8017d7da91453ea301913d371bd9ec43cccd3701,1,0.01,0.4604646655702429,{},0.005,{},"{'inputs': 4, 'model': 'crc', 'radius': 0.9, 'scale': 0.03, 'size': 18, 'solver': 'lsqr', 'tau': 20, 'view': 'products'}"
shd,development,observations:crc4:width24,0a2564a01950101a3565761c21c3c698677322706a8a50c68713e6c49a1c90b5,1,0.1,0.4633440753273786,{},0.005,{},"{'inputs': 4, 'model': 'crc', 'radius': 0.9, 'scale': 0.03, 'size': 24, 'solver': 'lsqr', 'tau': 20, 'view': 'all'}"
shd,development,observations:projection:i2,b74738fd93be0559fb49a00a0619eb885d4458adfed3b46d441fe0cfd16af10d,1,0.1,0.40906779036814656,{},0.005,{},"{'inputs': 2, 'model': 'projection', 'solver': 'lsqr'}"
shd,development,observations:projection:i4,fbb90ff5d421bcaa0548fc7812ea1874070ef14c2d8fd220714f8c02858002a9,1,0.1,0.47228321066928974,{},0.005,{},"{'inputs': 4, 'model': 'projection', 'solver': 'lsqr'}"
shd,development,observations:qrc2:all,1c508aa0283982dbebec8c361aa94d8d326dc9cf7a4b21d6d1e0defa8bd2551b,1,0.1,0.40795412737812337,{},0.005,{},"{'depth': 1, 'inputs': 2, 'model': 'qrc', 'qubits': 6, 'solver': 'lsqr', 'view': 'all'}"
shd,development,observations:qrc2:products,ccbb3a1022fe453188388588b0fea80935acc71e35d168af1b980fe1b0b3838c,1,0.1,0.4131563611199988,{},0.005,{},"{'depth': 1, 'inputs': 2, 'model': 'qrc', 'qubits': 6, 'solver': 'lsqr', 'view': 'products'}"
shd,development,observations:qrc2:zz,ce848420860abf047340e4e86f8b70bbeb0935478a66965e0ffda2f9ccce264d,1,0.1,0.4147947832277992,{},0.005,{},"{'depth': 1, 'inputs': 2, 'model': 'qrc', 'qubits': 6, 'solver': 'lsqr', 'view': 'zz'}"
shd,development,observations:qrc4:all,e2d216180266ee61a487147f34d7d8fa10e2d15df968b7067e1722474967ded0,1,0.1,0.49972225279449844,{},0.005,{},"{'depth': 1, 'inputs': 4, 'model': 'qrc', 'qubits': 6, 'solver': 'lsqr', 'view': 'all'}"
shd,development,observations:qrc4:products,82b17f39d82a3c58eee59619b528160273f45e0ab5e44358776a3e77c160d64a,1,0.1,0.5091980371680874,{},0.005,{},"{'depth': 1, 'inputs': 4, 'model': 'qrc', 'qubits': 6, 'solver': 'lsqr', 'view': 'products'}"
shd,development,observations:qrc4:zz,2f3f7210103a38681171de5d125053889446567f266cc811fbae317b289684cb,1,0.1,0.5087330186046954,{},0.005,{},"{'depth': 1, 'inputs': 4, 'model': 'qrc', 'qubits': 6, 'solver': 'lsqr', 'view': 'zz'}"
shd,development,practical:large-crc,098d568f097c2e272fff3931746706f9da1c1e7b66ecfb552a73104b5fb93fdd,6,0.1,0.5886386428987127,{},0.005,{},"{'adapter': 'identity', 'inputs': 0, 'model': 'crc', 'radius': 0.9, 'scale': 0.03, 'segments': 4, 'size': 256, 'solver': 'lsqr', 'summary': 'segment_mean_std_final', 'tau': 20}"
shd,development,practical:lstm,bf5b09f783a7efe9b35957150d016aa1814423fd89439f553eb183e93e35ae9c,3,,0.6505545626348036,{},0.005,"{'accepted': False, 'fold_gains': [0.03015238175446903, -0.01864056400061283, 0.015817021387372548, 0.004293574067578502], 'mean_gain': 0.007905603302201813}","{'fixed_epochs': 54, 'model': 'lstm', 'recipe': 'baseline'}"
shd,development,practical:transformer,f730ad2438c8d3be23911d57181c773e6ade8cc3b84f23af1556e55d0ba91747,3,,0.6295526444343191,{},0.005,"{'accepted': False, 'fold_gains': [0.0, 0.0, 0.0, 0.0], 'mean_gain': 0.0}","{'fixed_epochs': 27, 'model': 'transformer', 'recipe': 'baseline'}"
shd,development,recurrence:crc:all,c49fe318ec050177a647529a375837861997eae786229936dd349a94a058c979,1,0.001,0.5383205397589103,{},0.005,{},"{'inputs': 4, 'model': 'crc', 'radius': 0.5, 'reset': 'all', 'scale': 1.0, 'size': 18, 'tau': 20, 'view': 'all'}"
shd,development,recurrence:crc:partial,18d6a61477fa7d9701ec8d5d3129d84e78069cf07496339ef9e731b8476e116c,1,0.001,0.5356430001825422,{},0.005,{},"{'inputs': 4, 'model': 'crc', 'radius': 0.5, 'reset': 'partial', 'scale': 1.0, 'size': 18, 'tau': 20, 'view': 'all'}"
shd,development,recurrence:qrc:all,cab8367f318033458aca4df629d491b9d0286e7893762319c6e7bfdff4fde7eb,1,0.1,0.5059694259253892,{},0.005,{},"{'depth': 2, 'inputs': 4, 'model': 'qrc', 'qubits': 6, 'reset': 'all', 'view': 'all'}"
shd,development,recurrence:qrc:partial,b53f219f042c0596ad6e1ded27d47be7911b7621599445a2f86e94bbccb9d497,1,0.1,0.5296811339645452,{},0.005,{},"{'depth': 2, 'inputs': 4, 'model': 'qrc', 'qubits': 6, 'reset': 'partial', 'view': 'all'}"
shd,mapping-development,mapping-paired:i2:legacy:crc,da7c4c4cdcb8611ce66052434816d775880cb4f36649fb3dbdf9a547f0930f9f,1,0.1,0.24075356013515825,{},0.005,{},"{'adapter': 'legacy', 'inputs': 2, 'model': 'crc', 'radius': 0.9, 'scale': 0.03, 'segments': 8, 'size': 18, 'solver': 'lsqr', 'summary': 'segment_mean_std_final', 'tau': 20, 'view': 'all'}"
shd,mapping-development,mapping-paired:i2:legacy:projection,0ae387697ce65aff235dea6da8d2a30ac1baf57a6ba05b4960235c3483bef0fc,1,0.1,0.27309279914293005,{},0.005,{},"{'adapter': 'legacy', 'inputs': 2, 'model': 'projection', 'solver': 'lsqr'}"
shd,mapping-development,mapping-paired:i2:legacy:qrc,90907f70f0aa3b6c17170762d44f2c1616a6d76dac818e7ff497e60470ca69f7,1,0.1,0.27699657005476724,{},0.005,{},"{'adapter': 'legacy', 'depth': 1, 'inputs': 2, 'model': 'qrc', 'qubits': 6, 'segments': 8, 'solver': 'lsqr', 'summary': 'segment_mean_std_final', 'view': 'all'}"
shd,mapping-development,mapping-paired:i2:pooling:crc,f928a82ccf600d90502da600fcde7612c2a1c209f59ab9e4c3cbf01f1e5a432d,1,0.01,0.3904541590663874,{},0.005,{},"{'adapter': 'pooling', 'inputs': 2, 'model': 'crc', 'radius': 0.9, 'scale': 0.03, 'segments': 8, 'size': 18, 'solver': 'lsqr', 'summary': 'segment_mean_std_final', 'tau': 20, 'view': 'all'}"
shd,mapping-development,mapping-paired:i2:pooling:projection,d30992162beef8288b717779537e42218c698f308cf80017077d5f9b00dc5fac,1,0.1,0.40906779036814656,{},0.005,{},"{'adapter': 'pooling', 'inputs': 2, 'model': 'projection', 'solver': 'lsqr'}"
shd,mapping-development,mapping-paired:i2:pooling:qrc,8e877735c2a024f7471de442a58559e8eda572ce36fd4c18a223a65012c6c1f5,1,0.1,0.40795412737812337,{},0.005,{},"{'adapter': 'pooling', 'depth': 1, 'inputs': 2, 'model': 'qrc', 'qubits': 6, 'segments': 8, 'solver': 'lsqr', 'summary': 'segment_mean_std_final', 'view': 'all'}"
shd,mapping-development,mapping-paired:i4:legacy:crc,bc3d78d0d6a06929520e0a2125787cf5baf4950c6aa06f9be2f9295d44c8dceb,1,0.01,0.3266245670089735,{},0.005,{},"{'adapter': 'legacy', 'inputs': 4, 'model': 'crc', 'radius': 0.9, 'scale': 0.03, 'segments': 8, 'size': 18, 'solver': 'lsqr', 'summary': 'segment_mean_std_final', 'tau': 20, 'view': 'all'}"
shd,mapping-development,mapping-paired:i4:legacy:projection,7759e9d309b30836c7e544e2361ad0795f25fad76d16b16fafaa1c37943e6bd6,1,0.1,0.35206475149444505,{},0.005,{},"{'adapter': 'legacy', 'inputs': 4, 'model': 'projection', 'solver': 'lsqr'}"
shd,mapping-development,mapping-paired:i4:legacy:qrc,cf25687c8919412294bd15ab8adc8fbbed04bbd9f7873bcb9e4d35af4b76544c,1,0.1,0.37809834787943414,{},0.005,{},"{'adapter': 'legacy', 'depth': 1, 'inputs': 4, 'model': 'qrc', 'qubits': 6, 'segments': 8, 'solver': 'lsqr', 'summary': 'segment_mean_std_final', 'view': 'all'}"
shd,mapping-development,mapping-paired:i4:pooling:crc,d89479906cf399fa71cdb870ca6af8d420f8f91232403ba00f76224f3a54e8cc,1,0.01,0.4595105350640501,{},0.005,{},"{'adapter': 'pooling', 'inputs': 4, 'model': 'crc', 'radius': 0.9, 'scale': 0.03, 'segments': 8, 'size': 18, 'solver': 'lsqr', 'summary': 'segment_mean_std_final', 'tau': 20, 'view': 'all'}"
shd,mapping-development,mapping-paired:i4:pooling:projection,0ecf34cc8f4e60eaf5d3384b3c7b6f9034e5b246a94ce9db67f1f3af167a575c,1,0.1,0.47228321066928974,{},0.005,{},"{'adapter': 'pooling', 'inputs': 4, 'model': 'projection', 'solver': 'lsqr'}"
shd,mapping-development,mapping-paired:i4:pooling:qrc,4e67811ed21e0437dd343a87bc16a469039e6a8494070493c569c2992c3529e2,1,0.1,0.49972225279449844,{},0.005,{},"{'adapter': 'pooling', 'depth': 1, 'inputs': 4, 'model': 'qrc', 'qubits': 6, 'segments': 8, 'solver': 'lsqr', 'summary': 'segment_mean_std_final', 'view': 'all'}"
shd,mapping-robustness,mapping-robustness:i2:legacy:crc:p42,6d83fd0403517c584e9764faf423fc41d23b31793e7428aff109c9f3f1361d10,1,0.1,0.22805911615057003,{},0.005,{},"{'adapter': 'legacy', 'inputs': 2, 'model': 'crc', 'projection_seed': 42, 'radius': 0.9, 'scale': 0.03, 'segments': 8, 'size': 18, 'solver': 'lsqr', 'summary': 'segment_mean_std_final', 'tau': 20, 'view': 'all'}"
shd,mapping-robustness,mapping-robustness:i2:legacy:crc:p44,655ba7ea9139e2caab495ddabdd1f23a7a8d5d67cd6af7e05dc853e22d3ac593,1,0.1,0.27110170445413656,{},0.005,{},"{'adapter': 'legacy', 'inputs': 2, 'model': 'crc', 'projection_seed': 44, 'radius': 0.9, 'scale': 0.03, 'segments': 8, 'size': 18, 'solver': 'lsqr', 'summary': 'segment_mean_std_final', 'tau': 20, 'view': 'all'}"
shd,mapping-robustness,mapping-robustness:i2:legacy:crc:p46,5f7f2dfd7fd9e3e2461141bb028df1096e671cab7cdd5b46f361fb20a8072414,1,0.01,0.2867539292632124,{},0.005,{},"{'adapter': 'legacy', 'inputs': 2, 'model': 'crc', 'projection_seed': 46, 'radius': 0.9, 'scale': 0.03, 'segments': 8, 'size': 18, 'solver': 'lsqr', 'summary': 'segment_mean_std_final', 'tau': 20, 'view': 'all'}"
shd,mapping-robustness,mapping-robustness:i2:legacy:projection:p42,ff23823e317ef297ac4a085c427c7e9e5fb7100c1c969a0705f76d6d9fd464ee,1,0.1,0.27309279914293005,{},0.005,{},"{'adapter': 'legacy', 'inputs': 2, 'model': 'projection', 'projection_seed': 42, 'solver': 'lsqr'}"
shd,mapping-robustness,mapping-robustness:i2:legacy:projection:p44,1ca428144c4e9a9100066b2ba824354a51feafcfd229b352cad84de884360c51,1,0.1,0.28694123326143195,{},0.005,{},"{'adapter': 'legacy', 'inputs': 2, 'model': 'projection', 'projection_seed': 44, 'solver': 'lsqr'}"
shd,mapping-robustness,mapping-robustness:i2:legacy:projection:p46,f09689f79fbd7d5c5197968d353f8b638ec55183cf7f2e608670b4a52beaa0b0,1,0.01,0.3018303773794374,{},0.005,{},"{'adapter': 'legacy', 'inputs': 2, 'model': 'projection', 'projection_seed': 46, 'solver': 'lsqr'}"
shd,mapping-robustness,mapping-robustness:i2:legacy:qrc:p42,f1094086ccf3748a213e2039e4dff20f5403a0a990f425c38e79872ace9f4838,1,0.1,0.27658011958202783,{},0.005,{},"{'adapter': 'legacy', 'depth': 1, 'inputs': 2, 'model': 'qrc', 'projection_seed': 42, 'qubits': 6, 'segments': 8, 'solver': 'lsqr', 'summary': 'segment_mean_std_final', 'view': 'all'}"
shd,mapping-robustness,mapping-robustness:i2:legacy:qrc:p44,37aafab21ee02467a6502a3b8e12b2618c89167b78e52989a34d25b5c5ac2129,1,0.1,0.31535662853485025,{},0.005,{},"{'adapter': 'legacy', 'depth': 1, 'inputs': 2, 'model': 'qrc', 'projection_seed': 44, 'qubits': 6, 'segments': 8, 'solver': 'lsqr', 'summary': 'segment_mean_std_final', 'view': 'all'}"
shd,mapping-robustness,mapping-robustness:i2:legacy:qrc:p46,ba744c3c4ae4acbfeca8b60986f831b2c34b11d00c404d3c700b4622f6c02662,1,0.1,0.31113578159330113,{},0.005,{},"{'adapter': 'legacy', 'depth': 1, 'inputs': 2, 'model': 'qrc', 'projection_seed': 46, 'qubits': 6, 'segments': 8, 'solver': 'lsqr', 'summary': 'segment_mean_std_final', 'view': 'all'}"
shd,mapping-robustness,mapping-robustness:i4:legacy:crc:p42,d35aa6656f0d78a8db9b5acc431a22165f944ee91397ccc5d004983dba2cd4f7,1,0.001,0.3286500667621602,{},0.005,{},"{'adapter': 'legacy', 'inputs': 4, 'model': 'crc', 'projection_seed': 42, 'radius': 0.9, 'scale': 0.03, 'segments': 8, 'size': 18, 'solver': 'lsqr', 'summary': 'segment_mean_std_final', 'tau': 20, 'view': 'all'}"
shd,mapping-robustness,mapping-robustness:i4:legacy:crc:p44,46171616ae7f7254f25925bf6a3edf449b81d9f258309ae816224d923e51a5aa,1,0.1,0.33428607399629473,{},0.005,{},"{'adapter': 'legacy', 'inputs': 4, 'model': 'crc', 'projection_seed': 44, 'radius': 0.9, 'scale': 0.03, 'segments': 8, 'size': 18, 'solver': 'lsqr', 'summary': 'segment_mean_std_final', 'tau': 20, 'view': 'all'}"
shd,mapping-robustness,mapping-robustness:i4:legacy:crc:p46,d27447420045e22de7d9e9740247535c1b27c54fd61d39fb0dcb1469fa8ac6f6,1,0.001,0.3508887031074164,{},0.005,{},"{'adapter': 'legacy', 'inputs': 4, 'model': 'crc', 'projection_seed': 46, 'radius': 0.9, 'scale': 0.03, 'segments': 8, 'size': 18, 'solver': 'lsqr', 'summary': 'segment_mean_std_final', 'tau': 20, 'view': 'all'}"
shd,mapping-robustness,mapping-robustness:i4:legacy:projection:p42,9fc1964c21e815835ecfcf74c057ac123a6e85e20b6bac0a001b830c93f31e38,1,0.1,0.35206475149444505,{},0.005,{},"{'adapter': 'legacy', 'inputs': 4, 'model': 'projection', 'projection_seed': 42, 'solver': 'lsqr'}"
shd,mapping-robustness,mapping-robustness:i4:legacy:projection:p44,03b210f44f9ac0838c4ac6ee47bc8775f9316df27b13d8d22a665339344128d6,1,0.1,0.34261047757205587,{},0.005,{},"{'adapter': 'legacy', 'inputs': 4, 'model': 'projection', 'projection_seed': 44, 'solver': 'lsqr'}"
shd,mapping-robustness,mapping-robustness:i4:legacy:projection:p46,0beddbc43d67f5b16513449c3303b1c10e7f459adb45188762de110b327c2187,1,0.1,0.45338241562768766,{},0.005,{},"{'adapter': 'legacy', 'inputs': 4, 'model': 'projection', 'projection_seed': 46, 'solver': 'lsqr'}"
shd,mapping-robustness,mapping-robustness:i4:legacy:qrc:p42,30e763d6e1f4bb6a74a7f7e8d72e1052f351161af955c5e206cac96b0df9c180,1,1.0,0.37035907234703697,{},0.005,{},"{'adapter': 'legacy', 'depth': 1, 'inputs': 4, 'model': 'qrc', 'projection_seed': 42, 'qubits': 6, 'segments': 8, 'solver': 'lsqr', 'summary': 'segment_mean_std_final', 'view': 'all'}"
shd,mapping-robustness,mapping-robustness:i4:legacy:qrc:p44,62416bc7e11269d57d83507f5e51a2437f9942b4d3bcaca524a44982e86eb081,1,1.0,0.41009070224815336,{},0.005,{},"{'adapter': 'legacy', 'depth': 1, 'inputs': 4, 'model': 'qrc', 'projection_seed': 44, 'qubits': 6, 'segments': 8, 'solver': 'lsqr', 'summary': 'segment_mean_std_final', 'view': 'all'}"
shd,mapping-robustness,mapping-robustness:i4:legacy:qrc:p46,7f78aadc42dbeee74385b2e8fc9d783cf1f129d99140086c9f2da769b7130f45,1,1.0,0.4655907116904876,{},0.005,{},"{'adapter': 'legacy', 'depth': 1, 'inputs': 4, 'model': 'qrc', 'projection_seed': 46, 'qubits': 6, 'segments': 8, 'solver': 'lsqr', 'summary': 'segment_mean_std_final', 'view': 'all'}"
dvs,development,comparison:fixed12:q4-i2-crc,e1ef57a0d034ee8456842647dfc5fd4611cc13074e979c96bcdb6b0be7db81a0,1,0.01,0.516942729832221,{},0.005,{},"{'inputs': 2, 'model': 'crc', 'radius': 0.9, 'scale': 0.03, 'size': 12, 'tau': 20, 'view': 'all'}"
dvs,development,comparison:fixed12:q4-i2-qrc,3d46481153a5c324ef47358db4686b58cca6ef305ad32893c1acfeb55daf7f59,1,0.1,0.5054707883786311,{},0.005,{},"{'depth': 3, 'inputs': 2, 'model': 'qrc', 'qubits': 4, 'view': 'fixed12'}"
dvs,development,comparison:fixed12:q6-i2-crc,e1ef57a0d034ee8456842647dfc5fd4611cc13074e979c96bcdb6b0be7db81a0,1,0.01,0.516942729832221,{},0.005,{},"{'inputs': 2, 'model': 'crc', 'radius': 0.9, 'scale': 0.03, 'size': 12, 'tau': 20, 'view': 'all'}"
dvs,development,comparison:fixed12:q6-i2-qrc,ea2ba5f3b6da6d740156a05044b01e7ef0d9fc216cd7d10ec7a3fc08c5158d74,1,0.1,0.492093098590942,{},0.005,{},"{'depth': 3, 'inputs': 2, 'model': 'qrc', 'qubits': 6, 'view': 'fixed12'}"
dvs,development,comparison:fixed12:q6-i4-crc,8b55c4405506bc881a2bad09cc92b1f3563c497ff513f3388fd7289d761e1d0d,1,0.1,0.7422684547863642,{},0.005,{},"{'inputs': 4, 'model': 'crc', 'radius': 0.9, 'scale': 0.03, 'size': 12, 'tau': 20, 'view': 'all'}"
dvs,development,comparison:fixed12:q6-i4-qrc,2bc0a0059ee8a3bbc0c2ed3967ef32c0af428f4cdb46b233cd9c03007652f41f,1,0.01,0.7073302186275404,{},0.005,{},"{'depth': 3, 'inputs': 4, 'model': 'qrc', 'qubits': 6, 'view': 'fixed12'}"
dvs,development,comparison:fixed12:q8-i2-crc,e1ef57a0d034ee8456842647dfc5fd4611cc13074e979c96bcdb6b0be7db81a0,1,0.01,0.516942729832221,{},0.005,{},"{'inputs': 2, 'model': 'crc', 'radius': 0.9, 'scale': 0.03, 'size': 12, 'tau': 20, 'view': 'all'}"
dvs,development,comparison:fixed12:q8-i2-qrc,1cdeac9f6f63e01c5552985b36ab594b4583c3d7e23a122beefd440a27914751,1,0.01,0.4911323978511796,{},0.005,{},"{'depth': 3, 'inputs': 2, 'model': 'qrc', 'qubits': 8, 'view': 'fixed12'}"
dvs,development,comparison:fixed12:q8-i4-crc,8b55c4405506bc881a2bad09cc92b1f3563c497ff513f3388fd7289d761e1d0d,1,0.1,0.7422684547863642,{},0.005,{},"{'inputs': 4, 'model': 'crc', 'radius': 0.9, 'scale': 0.03, 'size': 12, 'tau': 20, 'view': 'all'}"
dvs,development,comparison:fixed12:q8-i4-qrc,c6e6ba6d394af6c96fdf8c322d801bffce2f7f1cbc162d562396f77f84f19e2e,1,0.1,0.7066150199261406,{},0.005,{},"{'depth': 3, 'inputs': 4, 'model': 'qrc', 'qubits': 8, 'view': 'fixed12'}"
dvs,development,comparison:fixed12:q8-i6-crc,03d7e0196801b53203583dca70e052c1e92babda4fa7c2eaaca698c0db6bc1de,1,0.1,0.7322296593272567,{},0.005,{},"{'inputs': 6, 'model': 'crc', 'radius': 0.9, 'scale': 0.03, 'size': 12, 'tau': 20, 'view': 'all'}"
dvs,development,comparison:fixed12:q8-i6-qrc,46e277eb096d15c2fac3c59049596c235a1e526c19cce0714125defc5244b7c9,1,0.1,0.6762619160558946,{},0.005,{},"{'depth': 3, 'inputs': 6, 'model': 'qrc', 'qubits': 8, 'view': 'fixed12'}"
dvs,development,comparison:fixed:q4-i2-crc,e1ef57a0d034ee8456842647dfc5fd4611cc13074e979c96bcdb6b0be7db81a0,1,0.01,0.516942729832221,{},0.005,{},"{'inputs': 2, 'model': 'crc', 'radius': 0.9, 'scale': 0.03, 'size': 12, 'tau': 20, 'view': 'all'}"
dvs,development,comparison:fixed:q4-i2-qrc,daa60a3ad7aba6f7a65b24f611015031ad9be8bedf6997cbff3c4574b2477ec6,1,0.1,0.5054707883786311,{},0.005,{},"{'depth': 3, 'inputs': 2, 'model': 'qrc', 'qubits': 4, 'view': 'all'}"
dvs,development,comparison:fixed:q6-i2-crc,1824bbb7cdb251cbeae34ea1c0e3712c3dd0d7a5c191fb4488a940b52f983512,1,0.01,0.5313429131770611,{},0.005,{},"{'inputs': 2, 'model': 'crc', 'radius': 0.9, 'scale': 0.03, 'size': 18, 'tau': 20, 'view': 'all'}"
dvs,development,comparison:fixed:q6-i2-qrc,779f7cadce6d8791182d3bfe42654f214cbedf3fb7a36ea419b64dc3925a0ec9,1,0.1,0.4954034100944114,{},0.005,{},"{'depth': 3, 'inputs': 2, 'model': 'qrc', 'qubits': 6, 'view': 'all'}"
dvs,development,comparison:fixed:q6-i4-crc,f7af82bc7213188d9c6cd0bc412515da79eb2c69f28c3cf2012c79eaa1f094f4,1,0.1,0.7497683034670471,{},0.005,{},"{'inputs': 4, 'model': 'crc', 'radius': 0.9, 'scale': 0.03, 'size': 18, 'tau': 20, 'view': 'all'}"
dvs,development,comparison:fixed:q6-i4-qrc,0ee2ff7d41ae9598818b2faceba8c9c0bb62be9aef5705cd7956fa7a306cc955,1,0.01,0.7469709978391222,{},0.005,{},"{'depth': 3, 'inputs': 4, 'model': 'qrc', 'qubits': 6, 'view': 'all'}"
dvs,development,comparison:fixed:q8-i2-crc,5aa7bd7ccfb3cb67e7de7a165c3e92e2f7a15e3bf7b7e1de97ec4fe541f65007,1,0.1,0.5393059837188939,{},0.005,{},"{'inputs': 2, 'model': 'crc', 'radius': 0.9, 'scale': 0.03, 'size': 24, 'tau': 20, 'view': 'all'}"
dvs,development,comparison:fixed:q8-i2-qrc,3e19df15055f851cc0143e9b9a1dc2f75b7011164a98f2eec6846efead36651d,1,0.01,0.5203673137321794,{},0.005,{},"{'depth': 3, 'inputs': 2, 'model': 'qrc', 'qubits': 8, 'view': 'all'}"
dvs,development,comparison:fixed:q8-i4-crc,fe0fed97d42e19e685b217dd8a69423375728936e22411bb0e2668b3d1faeb43,1,0.1,0.7782291254236764,{},0.005,{},"{'inputs': 4, 'model': 'crc', 'radius': 0.9, 'scale': 0.03, 'size': 24, 'tau': 20, 'view': 'all'}"
dvs,development,comparison:fixed:q8-i4-qrc,7d14a39d5fd238493fa586e279ade90de4b7b1d0eeb8b8bdd7c990fba8c0b6e6,1,0.1,0.7541433604166864,{},0.005,{},"{'depth': 3, 'inputs': 4, 'model': 'qrc', 'qubits': 8, 'view': 'all'}"
dvs,development,comparison:fixed:q8-i6-crc,5eea900e7bfb47cdf024b3a63d426d7f94133ef6665310ed377403f92fcfbfa3,1,0.1,0.7851617507398231,{},0.005,{},"{'inputs': 6, 'model': 'crc', 'radius': 0.9, 'scale': 0.03, 'size': 24, 'tau': 20, 'view': 'all'}"
dvs,development,comparison:fixed:q8-i6-qrc,b30a18509a2788bd448a44aab382fc06f2d4030d5767ad74032fad34399e6289,1,0.1,0.7499612434689812,{},0.005,{},"{'depth': 3, 'inputs': 6, 'model': 'qrc', 'qubits': 8, 'view': 'all'}"
dvs,development,comparison:projection:i2,b7c8a2187e8ac5763a6bbf7b0b1df4b11583131fa0c5dbc34f9b1d33caacf4d8,1,0.01,0.35042289431184837,{},0.005,{},"{'inputs': 2, 'model': 'projection', 'view': 'all'}"
dvs,development,comparison:projection:i4,0ad936492ed758b3291f29f895e1e2ab0665bd8fbf5d37af9767c54f67e25313,1,0.01,0.5756796046817434,{},0.005,{},"{'inputs': 4, 'model': 'projection', 'view': 'all'}"
dvs,development,comparison:projection:i6,1b2230ae1f16245cf27f0002dd0af81d0780fb1f1ef46751fd42ed7956892027,1,0.1,0.5987164692997812,{},0.005,{},"{'inputs': 6, 'model': 'projection', 'view': 'all'}"
dvs,development,comparison:tuned:q4-i2-crc,70361334e9a796fcada5cedac7b09a0e0b468652551a1873f051b5ccdc02b1b5,18,0.01,0.5460198422508358,"{'radius': 'lower', 'scale': 'upper', 'tau': 'lower'}",0.005,{},"{'inputs': 2, 'model': 'crc', 'radius': 0.5, 'scale': 1.0, 'size': 12, 'tau': 20, 'view': 'all'}"
dvs,development,comparison:tuned:q4-i2-qrc,1db1c207d39957ec13e0a048f67a067d7fb148b7f0371cccd49164a1ef98f7f2,3,0.01,0.5118438412484868,{},0.005,{},"{'depth': 2, 'inputs': 2, 'model': 'qrc', 'qubits': 4, 'view': 'all'}"
dvs,development,comparison:tuned:q6-i2-crc,888f984ba00d2c26f7d40bb8009698c2d781f5874900d14bfcdd33a22d235954,18,0.01,0.5712383049631095,"{'radius': 'lower', 'scale': 'upper', 'tau': 'lower'}",0.005,{},"{'inputs': 2, 'model': 'crc', 'radius': 0.5, 'scale': 1.0, 'size': 18, 'tau': 20, 'view': 'all'}"
dvs,development,comparison:tuned:q6-i2-qrc,779f7cadce6d8791182d3bfe42654f214cbedf3fb7a36ea419b64dc3925a0ec9,3,0.1,0.4954034100944114,{'depth': 'upper'},0.005,{},"{'depth': 3, 'inputs': 2, 'model': 'qrc', 'qubits': 6, 'view': 'all'}"
dvs,development,comparison:tuned:q6-i4-crc,560d7804a74301e1d71b0a479a544b242ef84d169b9e51ba5478d5802e8ca162,18,0.01,0.7771918883704271,"{'radius': 'upper', 'scale': 'upper'}",0.005,{},"{'inputs': 4, 'model': 'crc', 'radius': 0.9, 'scale': 1.0, 'size': 18, 'tau': 60, 'view': 'all'}"
dvs,development,comparison:tuned:q6-i4-qrc,0ee2ff7d41ae9598818b2faceba8c9c0bb62be9aef5705cd7956fa7a306cc955,3,0.01,0.7469709978391222,{'depth': 'upper'},0.005,{},"{'depth': 3, 'inputs': 4, 'model': 'qrc', 'qubits': 6, 'view': 'all'}"
dvs,development,comparison:tuned:q8-i2-crc,a357bf67d14c2c6f2a3c2278b1ce80793b830a411b63edfbe325e48a1cc28850,18,0.01,0.5673833820158648,"{'radius': 'lower', 'scale': 'upper', 'tau': 'lower'}",0.005,{},"{'inputs': 2, 'model': 'crc', 'radius': 0.5, 'scale': 1.0, 'size': 24, 'tau': 20, 'view': 'all'}"
dvs,development,comparison:tuned:q8-i2-qrc,3e19df15055f851cc0143e9b9a1dc2f75b7011164a98f2eec6846efead36651d,3,0.01,0.5203673137321794,{'depth': 'upper'},0.005,{},"{'depth': 3, 'inputs': 2, 'model': 'qrc', 'qubits': 8, 'view': 'all'}"
dvs,development,comparison:tuned:q8-i4-crc,bd7484d8497c90d9e87e54ce529ee6c965c07af6f4ec12e340649bfabd5424e3,18,0.1,0.806019363802222,"{'radius': 'upper', 'scale': 'upper', 'tau': 'lower'}",0.005,{},"{'inputs': 4, 'model': 'crc', 'radius': 0.9, 'scale': 1.0, 'size': 24, 'tau': 20, 'view': 'all'}"
dvs,development,comparison:tuned:q8-i4-qrc,7d14a39d5fd238493fa586e279ade90de4b7b1d0eeb8b8bdd7c990fba8c0b6e6,3,0.1,0.7541433604166864,{'depth': 'upper'},0.005,{},"{'depth': 3, 'inputs': 4, 'model': 'qrc', 'qubits': 8, 'view': 'all'}"
dvs,development,comparison:tuned:q8-i6-crc,3215f718e49c9f5dbc1f1b1433bdb0bce6013edb232ebaa8e755081f5fac49e6,18,0.1,0.8074906087832526,"{'radius': 'upper', 'scale': 'upper'}",0.005,{},"{'inputs': 6, 'model': 'crc', 'radius': 0.9, 'scale': 1.0, 'size': 24, 'tau': 60, 'view': 'all'}"
dvs,development,comparison:tuned:q8-i6-qrc,b30a18509a2788bd448a44aab382fc06f2d4030d5767ad74032fad34399e6289,3,0.1,0.7499612434689812,{'depth': 'upper'},0.005,{},"{'depth': 3, 'inputs': 6, 'model': 'qrc', 'qubits': 8, 'view': 'all'}"
dvs,mapping-screen,mapping:screen:i2:legacy,0ae387697ce65aff235dea6da8d2a30ac1baf57a6ba05b4960235c3483bef0fc,1,0.01,0.2808027144345321,{},0.005,{},"{'adapter': 'legacy', 'inputs': 2, 'model': 'projection', 'solver': 'lsqr'}"
dvs,mapping-screen,mapping:screen:i2:orthogonal,a898f568300f096ad875fdfccdcfb3f17e12a310dba06281a3a8106c88923d12,1,0.01,0.2701938820709858,{},0.005,{},"{'adapter': 'orthogonal', 'inputs': 2, 'model': 'projection', 'solver': 'lsqr'}"
dvs,mapping-screen,mapping:screen:i2:pca,ae7fcbb27713c7cf1848374aa98c4a3677eb5e822e0bb7b3106d6399decf1546,1,0.01,0.3505362467808365,{},0.005,{},"{'adapter': 'pca', 'inputs': 2, 'model': 'projection', 'solver': 'lsqr'}"
dvs,mapping-screen,mapping:screen:i2:pooling,d30992162beef8288b717779537e42218c698f308cf80017077d5f9b00dc5fac,1,0.001,0.30490585708085416,{},0.005,{},"{'adapter': 'pooling', 'inputs': 2, 'model': 'projection', 'solver': 'lsqr'}"
dvs,mapping-screen,mapping:screen:i4:legacy,7759e9d309b30836c7e544e2361ad0795f25fad76d16b16fafaa1c37943e6bd6,1,0.1,0.4101963944645507,{},0.005,{},"{'adapter': 'legacy', 'inputs': 4, 'model': 'projection', 'solver': 'lsqr'}"
dvs,mapping-screen,mapping:screen:i4:orthogonal,2b64661db5375dbc7fe4febaea38932cacce747e69ceb74608ca55962b18b169,1,0.1,0.40967449685192897,{},0.005,{},"{'adapter': 'orthogonal', 'inputs': 4, 'model': 'projection', 'solver': 'lsqr'}"
dvs,mapping-screen,mapping:screen:i4:pca,bb5cca45a140f886d985cfa0aa7c4cc7591267bb743fe991db52b5bf816b8d75,1,0.001,0.5822264822198843,{},0.005,{},"{'adapter': 'pca', 'inputs': 4, 'model': 'projection', 'solver': 'lsqr'}"
dvs,mapping-screen,mapping:screen:i4:pooling,0ecf34cc8f4e60eaf5d3384b3c7b6f9034e5b246a94ce9db67f1f3af167a575c,1,0.1,0.4418920728349347,{},0.005,{},"{'adapter': 'pooling', 'inputs': 4, 'model': 'projection', 'solver': 'lsqr'}"
dvs,development,observations:crc2:all,15e127c77659da9463e2b4a0b9290b50e6fed33e3f94575482ab566a5620b18f,1,0.1,0.5527466079406672,{},0.005,{},"{'inputs': 2, 'model': 'crc', 'radius': 0.5, 'scale': 0.1, 'size': 18, 'solver': 'lsqr', 'tau': 20, 'view': 'all'}"
dvs,development,observations:crc2:products,e919888ae8dcbd76437a22b4e6ef5f3688b0b12030a4e96e6887d0b2eb7141fe,1,0.1,0.5565724698108805,{},0.005,{},"{'inputs': 2, 'model': 'crc', 'radius': 0.5, 'scale': 0.1, 'size': 18, 'solver': 'lsqr', 'tau': 20, 'view': 'products'}"
dvs,development,observations:crc2:width24,f97615b40e36386c00513c4ac668bc23d3385c9f03890479dba6fb3125861e63,1,0.1,0.5576719056274336,{},0.005,{},"{'inputs': 2, 'model': 'crc', 'radius': 0.5, 'scale': 0.1, 'size': 24, 'solver': 'lsqr', 'tau': 20, 'view': 'all'}"
dvs,development,observations:crc4:all,8156ac2def0f1a64d7af94c698a3a0c0ad25fddf36749b14a01d5033ded2e5be,1,0.1,0.7714536145600815,{},0.005,{},"{'inputs': 4, 'model': 'crc', 'radius': 0.9, 'scale': 1.0, 'size': 18, 'solver': 'lsqr', 'tau': 60, 'view': 'all'}"
dvs,development,observations:crc4:products,4b3f4039a33cff1b92287c1ebe88bde46f1f404a770e703b16230ff1a50af414,1,0.01,0.7894554455778479,{},0.005,{},"{'inputs': 4, 'model': 'crc', 'radius': 0.9, 'scale': 1.0, 'size': 18, 'solver': 'lsqr', 'tau': 60, 'view': 'products'}"
dvs,development,observations:crc4:width24,c994207b151573e511c257fff031b1ea1b493062ae9f90f21fb654f41bc601a0,1,0.01,0.8000014184507546,{},0.005,{},"{'inputs': 4, 'model': 'crc', 'radius': 0.9, 'scale': 1.0, 'size': 24, 'solver': 'lsqr', 'tau': 60, 'view': 'all'}"
dvs,development,observations:projection:i2,b74738fd93be0559fb49a00a0619eb885d4458adfed3b46d441fe0cfd16af10d,1,0.01,0.35053624678083645,{},0.005,{},"{'inputs': 2, 'model': 'projection', 'solver': 'lsqr'}"
dvs,development,observations:projection:i4,fbb90ff5d421bcaa0548fc7812ea1874070ef14c2d8fd220714f8c02858002a9,1,0.001,0.5822264822198843,{},0.005,{},"{'inputs': 4, 'model': 'projection', 'solver': 'lsqr'}"
dvs,development,observations:qrc2:all,9dd4387763080a9a5a3a556ccb03891928bd718bede443ff41dbba829e5e6847,1,0.01,0.5015312170346725,{},0.005,{},"{'depth': 3, 'inputs': 2, 'model': 'qrc', 'qubits': 6, 'solver': 'lsqr', 'view': 'all'}"
dvs,development,observations:qrc2:products,dac1dbd75ae2aae008df7cec00a4a403c05b5f5329328319d9d4f9f30b765fcb,1,0.1,0.5003660591536905,{},0.005,{},"{'depth': 3, 'inputs': 2, 'model': 'qrc', 'qubits': 6, 'solver': 'lsqr', 'view': 'products'}"
dvs,development,observations:qrc2:zz,b5afe8747747f121fb19875d4aa4bcb11b1cfc36c9b9a426dba24e6dbf1517a3,1,0.1,0.5106423188128955,{},0.005,{},"{'depth': 3, 'inputs': 2, 'model': 'qrc', 'qubits': 6, 'solver': 'lsqr', 'view': 'zz'}"
dvs,development,observations:qrc4:all,4f142890348d06a32ee96c74a37d3fc2f74a2d0c942e90138e9633f3dba5e31c,1,0.01,0.7490178724810922,{},0.005,{},"{'depth': 3, 'inputs': 4, 'model': 'qrc', 'qubits': 6, 'solver': 'lsqr', 'view': 'all'}"
dvs,development,observations:qrc4:products,6bd9174d43f19282b5fab392fe1e5f442b85cebc09a798e995a300bb7a7872ce,1,0.1,0.7479247151256824,{},0.005,{},"{'depth': 3, 'inputs': 4, 'model': 'qrc', 'qubits': 6, 'solver': 'lsqr', 'view': 'products'}"
dvs,development,observations:qrc4:zz,67c7fefee9f80b375dc6de573da76b620ea2d8b232dee02e7c6ede65e565a0cc,1,0.1,0.7558719454398148,{},0.005,{},"{'depth': 3, 'inputs': 4, 'model': 'qrc', 'qubits': 6, 'solver': 'lsqr', 'view': 'zz'}"
dvs,development,practical:large-crc,098d568f097c2e272fff3931746706f9da1c1e7b66ecfb552a73104b5fb93fdd,6,1.0,0.8326901976839226,{'segments': 'lower'},0.005,{},"{'adapter': 'identity', 'inputs': 0, 'model': 'crc', 'radius': 0.9, 'scale': 0.03, 'segments': 4, 'size': 256, 'solver': 'lsqr', 'summary': 'segment_mean_std_final', 'tau': 20}"
dvs,development,practical:lstm,e37b028c71ae04dc3a644c3cc924de52e9a21332f6d4e98b091ad4328ac4e7f7,3,,0.7835379954686524,{},0.005,"{'accepted': False, 'fold_gains': [0.002912302352742757, -0.01573209883038984, 0.004332283153470266, 0.01232730877855511], 'mean_gain': 0.0009599488635945734}","{'fixed_epochs': 72, 'model': 'lstm', 'recipe': 'baseline'}"
dvs,development,practical:transformer,2d2b5e206c5afb5d8bd610826cd4a06f2fa03aaccbe93644a2ce176f70500c9e,3,,0.7612627747762222,{},0.005,"{'accepted': False, 'fold_gains': [0.0, 0.0, 0.0, 0.0], 'mean_gain': 0.0}","{'fixed_epochs': 38, 'model': 'transformer', 'recipe': 'baseline'}"
dvs,development,recurrence:crc:all,2e395a59eaf50fedf41caf35232901943475c880d61ff5ca0df88864c305a7e7,1,0.001,0.6796710725537363,{},0.005,{},"{'inputs': 4, 'model': 'crc', 'radius': 0.9, 'reset': 'all', 'scale': 1.0, 'size': 18, 'tau': 60, 'view': 'all'}"
dvs,development,recurrence:crc:partial,9307af84ef2a91654c62832d92e3bf4aa070da428c581c0062a7686f68c0e050,1,0.01,0.7771918883704271,{},0.005,{},"{'inputs': 4, 'model': 'crc', 'radius': 0.9, 'reset': 'partial', 'scale': 1.0, 'size': 18, 'tau': 60, 'view': 'all'}"
dvs,development,recurrence:qrc:all,4a6407797671cd699e2b943eb33979e47d52c70d3b9870a52dbb473d1165d8a0,1,0.01,0.6660331125033484,{},0.005,{},"{'depth': 3, 'inputs': 4, 'model': 'qrc', 'qubits': 6, 'reset': 'all', 'view': 'all'}"
dvs,development,recurrence:qrc:partial,052f9733b61229eb1468f492bae1caeb43bcd887862b20d6087a564952c2b09f,1,0.01,0.7469709978391222,{},0.005,{},"{'depth': 3, 'inputs': 4, 'model': 'qrc', 'qubits': 6, 'reset': 'partial', 'view': 'all'}"
dvs,mapping-development,mapping-paired:i2:legacy:crc,1696a8dfc2f6cac67126d66a245997758fc8a899aa4f3d0a9cb5cb19ab81c207,1,0.01,0.4389954453114608,{},0.005,{},"{'adapter': 'legacy', 'inputs': 2, 'model': 'crc', 'radius': 0.9, 'scale': 0.03, 'segments': 4, 'size': 18, 'solver': 'lsqr', 'summary': 'segment_mean_std_final', 'tau': 20, 'view': 'all'}"
dvs,mapping-development,mapping-paired:i2:legacy:projection,0ae387697ce65aff235dea6da8d2a30ac1baf57a6ba05b4960235c3483bef0fc,1,0.01,0.2808027144345321,{},0.005,{},"{'adapter': 'legacy', 'inputs': 2, 'model': 'projection', 'solver': 'lsqr'}"
dvs,mapping-development,mapping-paired:i2:legacy:qrc,990546a1f8eb88de53bcc2b28e2c870b5de57685aae34ad14463abe7477d6335,1,0.1,0.3786187910470775,{},0.005,{},"{'adapter': 'legacy', 'depth': 1, 'inputs': 2, 'model': 'qrc', 'qubits': 6, 'segments': 4, 'solver': 'lsqr', 'summary': 'segment_mean_std_final', 'view': 'all'}"
dvs,mapping-development,mapping-paired:i2:pca:crc,e342a6c45e79aade3a0395f38456cbfb4263e287dde0dc064dd9672dda9c3a24,1,0.01,0.5340661090203881,{},0.005,{},"{'adapter': 'pca', 'inputs': 2, 'model': 'crc', 'radius': 0.9, 'scale': 0.03, 'segments': 4, 'size': 18, 'solver': 'lsqr', 'summary': 'segment_mean_std_final', 'tau': 20, 'view': 'all'}"
dvs,mapping-development,mapping-paired:i2:pca:projection,ae7fcbb27713c7cf1848374aa98c4a3677eb5e822e0bb7b3106d6399decf1546,1,0.01,0.35053624678083645,{},0.005,{},"{'adapter': 'pca', 'inputs': 2, 'model': 'projection', 'solver': 'lsqr'}"
dvs,mapping-development,mapping-paired:i2:pca:qrc,9db0044f38acbd877cb90b9835b92d56c8dd0c02db4d81be23ea3dcc584ef9e7,1,0.1,0.4080118841248966,{},0.005,{},"{'adapter': 'pca', 'depth': 1, 'inputs': 2, 'model': 'qrc', 'qubits': 6, 'segments': 4, 'solver': 'lsqr', 'summary': 'segment_mean_std_final', 'view': 'all'}"
dvs,mapping-development,mapping-paired:i4:legacy:crc,f497627c8daf48897faf2887aeaabb4d4f3798a66a673b804787455e94c7640c,1,1.0,0.4969206938495289,{},0.005,{},"{'adapter': 'legacy', 'inputs': 4, 'model': 'crc', 'radius': 0.9, 'scale': 0.03, 'segments': 4, 'size': 18, 'solver': 'lsqr', 'summary': 'segment_mean_std_final', 'tau': 20, 'view': 'all'}"
dvs,mapping-development,mapping-paired:i4:legacy:projection,7759e9d309b30836c7e544e2361ad0795f25fad76d16b16fafaa1c37943e6bd6,1,0.1,0.41019639446455075,{},0.005,{},"{'adapter': 'legacy', 'inputs': 4, 'model': 'projection', 'solver': 'lsqr'}"
dvs,mapping-development,mapping-paired:i4:legacy:qrc,f7c9d480b924e68b7c4fe244bce186c52e5c9d7d690353e8116f389822e39c12,1,1.0,0.45029420466491316,{},0.005,{},"{'adapter': 'legacy', 'depth': 1, 'inputs': 4, 'model': 'qrc', 'qubits': 6, 'segments': 4, 'solver': 'lsqr', 'summary': 'segment_mean_std_final', 'view': 'all'}"
dvs,mapping-development,mapping-paired:i4:pca:crc,d559a31743b4385f0a3b758cc7d985622b6e37c576b7bb963c748e8a7159663b,1,0.1,0.7484711624412687,{},0.005,{},"{'adapter': 'pca', 'inputs': 4, 'model': 'crc', 'radius': 0.9, 'scale': 0.03, 'segments': 4, 'size': 18, 'solver': 'lsqr', 'summary': 'segment_mean_std_final', 'tau': 20, 'view': 'all'}"
dvs,mapping-development,mapping-paired:i4:pca:projection,bb5cca45a140f886d985cfa0aa7c4cc7591267bb743fe991db52b5bf816b8d75,1,0.001,0.5822264822198843,{},0.005,{},"{'adapter': 'pca', 'inputs': 4, 'model': 'projection', 'solver': 'lsqr'}"
dvs,mapping-development,mapping-paired:i4:pca:qrc,88f62c56bed85fca6bf3738c40a34d4bfaa051e37fe4b19afcdfc73ffd45d990,1,0.01,0.6579895269987442,{},0.005,{},"{'adapter': 'pca', 'depth': 1, 'inputs': 4, 'model': 'qrc', 'qubits': 6, 'segments': 4, 'solver': 'lsqr', 'summary': 'segment_mean_std_final', 'view': 'all'}"
dvs,mapping-robustness,mapping-robustness:i2:legacy:crc:p42,7c02ac3c38a543b6762046c0ba38aefac7e31a783ae72db394c103c5fd14b5d4,1,0.1,0.4371248525587359,{},0.005,{},"{'adapter': 'legacy', 'inputs': 2, 'model': 'crc', 'projection_seed': 42, 'radius': 0.9, 'scale': 0.03, 'segments': 4, 'size': 18, 'solver': 'lsqr', 'summary': 'segment_mean_std_final', 'tau': 20, 'view': 'all'}"
dvs,mapping-robustness,mapping-robustness:i2:legacy:crc:p44,724aa5c0daa6e5118da4246b8c90328fee53aa1dd2c7b351a01300d8a7fff0f3,1,1.0,0.37904711708212757,{},0.005,{},"{'adapter': 'legacy', 'inputs': 2, 'model': 'crc', 'projection_seed': 44, 'radius': 0.9, 'scale': 0.03, 'segments': 4, 'size': 18, 'solver': 'lsqr', 'summary': 'segment_mean_std_final', 'tau': 20, 'view': 'all'}"
dvs,mapping-robustness,mapping-robustness:i2:legacy:crc:p46,dd26276e20e41453811a8637f367dc4d456693b78e080114e2530598a6cc1440,1,0.1,0.4231724603667433,{},0.005,{},"{'adapter': 'legacy', 'inputs': 2, 'model': 'crc', 'projection_seed': 46, 'radius': 0.9, 'scale': 0.03, 'segments': 4, 'size': 18, 'solver': 'lsqr', 'summary': 'segment_mean_std_final', 'tau': 20, 'view': 'all'}"
dvs,mapping-robustness,mapping-robustness:i2:legacy:projection:p42,ff23823e317ef297ac4a085c427c7e9e5fb7100c1c969a0705f76d6d9fd464ee,1,0.01,0.2808027144345321,{},0.005,{},"{'adapter': 'legacy', 'inputs': 2, 'model': 'projection', 'projection_seed': 42, 'solver': 'lsqr'}"
dvs,mapping-robustness,mapping-robustness:i2:legacy:projection:p44,1ca428144c4e9a9100066b2ba824354a51feafcfd229b352cad84de884360c51,1,0.01,0.2650436839831013,{},0.005,{},"{'adapter': 'legacy', 'inputs': 2, 'model': 'projection', 'projection_seed': 44, 'solver': 'lsqr'}"
dvs,mapping-robustness,mapping-robustness:i2:legacy:projection:p46,f09689f79fbd7d5c5197968d353f8b638ec55183cf7f2e608670b4a52beaa0b0,1,0.1,0.2683550864364586,{},0.005,{},"{'adapter': 'legacy', 'inputs': 2, 'model': 'projection', 'projection_seed': 46, 'solver': 'lsqr'}"
dvs,mapping-robustness,mapping-robustness:i2:legacy:qrc:p42,5ce4e92e91270da8935810bfc619fe45a8ea7a56b3695093991ac83bbec168c9,1,0.1,0.3762791046507858,{},0.005,{},"{'adapter': 'legacy', 'depth': 1, 'inputs': 2, 'model': 'qrc', 'projection_seed': 42, 'qubits': 6, 'segments': 4, 'solver': 'lsqr', 'summary': 'segment_mean_std_final', 'view': 'all'}"
dvs,mapping-robustness,mapping-robustness:i2:legacy:qrc:p44,fc99e26e58ae43604687dabe2e94602f7c38eab25735b85224b033a097b6bbf9,1,0.1,0.3245077493910513,{},0.005,{},"{'adapter': 'legacy', 'depth': 1, 'inputs': 2, 'model': 'qrc', 'projection_seed': 44, 'qubits': 6, 'segments': 4, 'solver': 'lsqr', 'summary': 'segment_mean_std_final', 'view': 'all'}"
dvs,mapping-robustness,mapping-robustness:i2:legacy:qrc:p46,8fca4ad310bebcf02af0a211ee4b7bc9ef7d76996a06d8477e8e0febf1c1a9e3,1,0.1,0.38023670470268706,{},0.005,{},"{'adapter': 'legacy', 'depth': 1, 'inputs': 2, 'model': 'qrc', 'projection_seed': 46, 'qubits': 6, 'segments': 4, 'solver': 'lsqr', 'summary': 'segment_mean_std_final', 'view': 'all'}"
dvs,mapping-robustness,mapping-robustness:i4:legacy:crc:p42,bcd4b1767ce1c31ab738e3fc090dfa1b31cad855ee3a3466d59509b6d8b91a42,1,1.0,0.4921739305252482,{},0.005,{},"{'adapter': 'legacy', 'inputs': 4, 'model': 'crc', 'projection_seed': 42, 'radius': 0.9, 'scale': 0.03, 'segments': 4, 'size': 18, 'solver': 'lsqr', 'summary': 'segment_mean_std_final', 'tau': 20, 'view': 'all'}"
dvs,mapping-robustness,mapping-robustness:i4:legacy:crc:p44,e8a48ed2f647a9f93f365b3106c73eee0b2c8fa5092e8dfee296f2d51851245a,1,0.01,0.5920974476918796,{},0.005,{},"{'adapter': 'legacy', 'inputs': 4, 'model': 'crc', 'projection_seed': 44, 'radius': 0.9, 'scale': 0.03, 'segments': 4, 'size': 18, 'solver': 'lsqr', 'summary': 'segment_mean_std_final', 'tau': 20, 'view': 'all'}"
dvs,mapping-robustness,mapping-robustness:i4:legacy:crc:p46,dcc8e02c0b7e1f569b16c663f678b0c300183ad944bbe5b9f1487892d5f7b243,1,1.0,0.5484082612342454,{},0.005,{},"{'adapter': 'legacy', 'inputs': 4, 'model': 'crc', 'projection_seed': 46, 'radius': 0.9, 'scale': 0.03, 'segments': 4, 'size': 18, 'solver': 'lsqr', 'summary': 'segment_mean_std_final', 'tau': 20, 'view': 'all'}"
dvs,mapping-robustness,mapping-robustness:i4:legacy:projection:p42,9fc1964c21e815835ecfcf74c057ac123a6e85e20b6bac0a001b830c93f31e38,1,0.1,0.4101963944645507,{},0.005,{},"{'adapter': 'legacy', 'inputs': 4, 'model': 'projection', 'projection_seed': 42, 'solver': 'lsqr'}"
dvs,mapping-robustness,mapping-robustness:i4:legacy:projection:p44,03b210f44f9ac0838c4ac6ee47bc8775f9316df27b13d8d22a665339344128d6,1,0.1,0.48499371973181193,{},0.005,{},"{'adapter': 'legacy', 'inputs': 4, 'model': 'projection', 'projection_seed': 44, 'solver': 'lsqr'}"
dvs,mapping-robustness,mapping-robustness:i4:legacy:projection:p46,0beddbc43d67f5b16513449c3303b1c10e7f459adb45188762de110b327c2187,1,1.0,0.4721787857351739,{},0.005,{},"{'adapter': 'legacy', 'inputs': 4, 'model': 'projection', 'projection_seed': 46, 'solver': 'lsqr'}"
dvs,mapping-robustness,mapping-robustness:i4:legacy:qrc:p42,25bc66e9354fb9bcfe8ac035cbbebcb6c0fd9a20dd0563fc21aff462fe23c79d,1,0.1,0.4779863098029219,{},0.005,{},"{'adapter': 'legacy', 'depth': 1, 'inputs': 4, 'model': 'qrc', 'projection_seed': 42, 'qubits': 6, 'segments': 4, 'solver': 'lsqr', 'summary': 'segment_mean_std_final', 'view': 'all'}"
dvs,mapping-robustness,mapping-robustness:i4:legacy:qrc:p44,407d2247b96362f2b8ccc394cfa9f43a5537b79fe6bfab306d6f67702e6fdecb,1,1.0,0.5534536664597343,{},0.005,{},"{'adapter': 'legacy', 'depth': 1, 'inputs': 4, 'model': 'qrc', 'projection_seed': 44, 'qubits': 6, 'segments': 4, 'solver': 'lsqr', 'summary': 'segment_mean_std_final', 'view': 'all'}"
dvs,mapping-robustness,mapping-robustness:i4:legacy:qrc:p46,1225430d7ae644680f0e23487784797fa142028a840d38e7bf6d5b5c2beb3efb,1,0.1,0.5434764947598756,{},0.005,{},"{'adapter': 'legacy', 'depth': 1, 'inputs': 4, 'model': 'qrc', 'projection_seed': 46, 'qubits': 6, 'segments': 4, 'solver': 'lsqr', 'summary': 'segment_mean_std_final', 'view': 'all'}"
